<?xml version="1.0" encoding="UTF-8"?><rss version="2.0"
	xmlns:content="http://purl.org/rss/1.0/modules/content/"
	xmlns:wfw="http://wellformedweb.org/CommentAPI/"
	xmlns:dc="http://purl.org/dc/elements/1.1/"
	xmlns:atom="http://www.w3.org/2005/Atom"
	xmlns:sy="http://purl.org/rss/1.0/modules/syndication/"
	xmlns:slash="http://purl.org/rss/1.0/modules/slash/"
	>

<channel>
	<title>Writings (写作) &#8211; Eternal Center</title>
	<atom:link href="./index.html" rel="self" type="application/rss+xml" />
	<link>./../../../index.html</link>
	<description></description>
	<lastBuildDate>Wed, 29 Dec 2021 16:17:16 +0000</lastBuildDate>
	<language>en-US</language>
	<sy:updatePeriod>
	hourly	</sy:updatePeriod>
	<sy:updateFrequency>
	1	</sy:updateFrequency>
	
	<item>
		<title>WordPress 值得使用的主题和插件</title>
		<link>./../../../wordpress-theme-plugins/index.html</link>
		
		<dc:creator><![CDATA[Mingyu Zhu]]></dc:creator>
		<pubDate>Mon, 27 Dec 2021 14:26:53 +0000</pubDate>
				<category><![CDATA[Articles (文章)]]></category>
		<category><![CDATA[Chinese (中文)]]></category>
		<category><![CDATA[Information Technology (IT) Articles (信息技术类文章)]]></category>
		<category><![CDATA[Languages (语言)]]></category>
		<category><![CDATA[Personal Website Building (个人网站建设)]]></category>
		<category><![CDATA[PHP]]></category>
		<category><![CDATA[Project (项目)]]></category>
		<category><![CDATA[Website Programs (网页程序)]]></category>
		<category><![CDATA[Writings (写作)]]></category>
		<guid isPermaLink="false">./../../../index.html?p=20391</guid>

					<description><![CDATA[主题 Twenty Seventeen Twenty Seventeen 是一个开源的 WordPress 主题，非常适合目录较多的网站，首页能够巧妙地将图片和文字结合在一起。 插件 All In One WP Security All In One WP Security 是一个开源的 WordPress 安全插件，比较全面地对 WordPress 进行安全加强，安装了这个插件以后，基本上就不需要再安装其他安全插件。 Easy WP SMTP Easy WP SMTP 是一个开源的 WordPress 邮件插件，可以实现 WordPress 通过 SMTP 发送邮件。 Simply Static Simply Static 是一个开源的 WordPress 动态网站转静态网站插件，可以将动态网站转换成静态网站。]]></description>
										<content:encoded><![CDATA[
<h2>主题</h2>



<h2 class="has-normal-font-size">Twenty Seventeen</h2>



<p>Twenty Seventeen 是一个开源的 WordPress 主题，非常适合目录较多的网站，首页能够巧妙地将图片和文字结合在一起。</p>



<h2>插件</h2>



<h2 class="has-normal-font-size">All In One WP Security</h2>



<p>All In One WP Security 是一个开源的 WordPress 安全插件，比较全面地对 WordPress 进行安全加强，安装了这个插件以后，基本上就不需要再安装其他安全插件。</p>



<h2 class="has-normal-font-size">Easy WP SMTP</h2>



<p>Easy WP SMTP 是一个开源的 WordPress 邮件插件，可以实现 WordPress 通过 SMTP 发送邮件。</p>



<h2 class="has-normal-font-size">Simply Static</h2>



<p>Simply Static 是一个开源的 WordPress 动态网站转静态网站插件，可以将动态网站转换成静态网站。</p>
]]></content:encoded>
					
		
		
			</item>
		<item>
		<title>随笔 15</title>
		<link>./../../../informal-15/index.html</link>
		
		<dc:creator><![CDATA[Mingyu Zhu]]></dc:creator>
		<pubDate>Sun, 29 Aug 2021 10:21:45 +0000</pubDate>
				<category><![CDATA[Chinese (中文)]]></category>
		<category><![CDATA[Informal Essays (随笔)]]></category>
		<category><![CDATA[Summary Essays (总结类随笔)]]></category>
		<category><![CDATA[Writings (写作)]]></category>
		<guid isPermaLink="false">./../../../index.html?p=17598</guid>

					<description><![CDATA[什么样的触动和沉寂，会让人们因为生活在这个时代而感到幸运？什么样的微笑和眼神，会让人们坚定化解相互仇视的决心？ 死板的思维会因包容非我族类的异己而变得梦幻多彩死寂的社会会因无数不同的团队怀揣相同的梦想而充满奇迹 开启黄金时代的钥匙，从来都在每个人自己的手中如果，勇气将是深思熟虑后的选择，而不是会后怕的一时逞能或法律的强迫如果，智慧将是为了个体与集体的共同受益，而不是为了个体先破坏集体，再因集体的被破坏牵连个体如果，会带着勇气和智慧在自己有限的人生中去自我成就，并能享受和沉寂在这份自我成就中]]></description>
										<content:encoded><![CDATA[
<p class="has-medium-font-size">什么样的触动和沉寂，会让人们因为生活在这个时代而感到幸运？<br>什么样的微笑和眼神，会让人们坚定化解相互仇视的决心？</p>



<p class="has-medium-font-size">死板的思维会因包容非我族类的异己而变得梦幻多彩<br>死寂的社会会因无数不同的团队怀揣相同的梦想而充满奇迹</p>



<p class="has-medium-font-size">开启黄金时代的钥匙，从来都在每个人自己的手中<br>如果，勇气将是深思熟虑后的选择，而不是会后怕的一时逞能或法律的强迫<br>如果，智慧将是为了个体与集体的共同受益，而不是为了个体先破坏集体，再因集体的被破坏牵连个体<br>如果，会带着勇气和智慧在自己有限的人生中去自我成就，并能享受和沉寂在这份自我成就中</p>
]]></content:encoded>
					
		
		
			</item>
		<item>
		<title>随笔 14</title>
		<link>./../../../informal-14/index.html</link>
		
		<dc:creator><![CDATA[Mingyu Zhu]]></dc:creator>
		<pubDate>Fri, 28 May 2021 07:01:54 +0000</pubDate>
				<category><![CDATA[Chinese (中文)]]></category>
		<category><![CDATA[Informal Essays (随笔)]]></category>
		<category><![CDATA[Summary Essays (总结类随笔)]]></category>
		<category><![CDATA[Writings (写作)]]></category>
		<guid isPermaLink="false">./../../../index.html?p=14443</guid>

					<description><![CDATA[每个人都是在没有意识的情况下被动降临到这个世界 在动漫《EVA》中有一句类似这样的台词：出生是死亡的开始……当辩证学之父柏拉图在被判死刑喝下毒药等待死亡的时候，并没能和身边的人讨论出：人死后是否有灵魂 每个人的母亲为他（她）带来了一次生命一次生命换来了一次人生我们是否应该想一想，自己的人生应该有怎样的价值？ 雨果完成世界名著《悲惨世界》用了三十年时间贝多芬一直沉浸在自己音乐的幻象中拿破仑也许是在想穷尽自己的一生以治愈大革命给法国带来的创伤 他们最初都是一些最普通的人，但都是在为了自己觉得有意义的事情在一直努力，每个人在人类的历史留下的痕迹有大有小，但只要是一直朝着自己觉得有意义的方向前进，人生就算是有价值，至少我是这样认为的]]></description>
										<content:encoded><![CDATA[
<p class="has-medium-font-size">每个人都是在没有意识的情况下被动降临到这个世界</p>



<p class="has-medium-font-size">在动漫《EVA》中有一句类似这样的台词：出生是死亡的开始……<br>当辩证学之父柏拉图在被判死刑喝下毒药等待死亡的时候，并没能和身边的人讨论出：人死后是否有灵魂</p>



<p class="has-medium-font-size">每个人的母亲为他（她）带来了一次生命<br>一次生命换来了一次人生<br>我们是否应该想一想，自己的人生应该有怎样的价值？</p>



<p class="has-medium-font-size">雨果完成世界名著《悲惨世界》用了三十年时间<br>贝多芬一直沉浸在自己音乐的幻象中<br>拿破仑也许是在想穷尽自己的一生以治愈大革命给法国带来的创伤</p>



<p class="has-medium-font-size">他们最初都是一些最普通的人，但都是在为了自己觉得有意义的事情在一直努力，每个人在人类的历史留下的痕迹有大有小，但只要是一直朝着自己觉得有意义的方向前进，人生就算是有价值，至少我是这样认为的</p>
]]></content:encoded>
					
		
		
			</item>
		<item>
		<title>随笔 13</title>
		<link>./../../../informal-13/index.html</link>
		
		<dc:creator><![CDATA[Mingyu Zhu]]></dc:creator>
		<pubDate>Thu, 27 May 2021 13:55:15 +0000</pubDate>
				<category><![CDATA[Chinese (中文)]]></category>
		<category><![CDATA[Historical Essays (历史类随笔)]]></category>
		<category><![CDATA[Informal Essays (随笔)]]></category>
		<category><![CDATA[Summary Essays (总结类随笔)]]></category>
		<category><![CDATA[Writings (写作)]]></category>
		<guid isPermaLink="false">./../../../index.html?p=14435</guid>

					<description><![CDATA[我从历史中，比较有感触的一点是：人类明知道自己的结局终是死亡，但是依旧能对很多事物和事情，充满难以想象的热情、喜悦和执着。于是，我理解，生命的本质，就是尽量开心和充实地过好每一天，并最终将它们汇聚成某些能够指引后世的成就。祝大家心中，都有认为值得自己去劳动的人和事！]]></description>
										<content:encoded><![CDATA[
<p class="has-medium-font-size">我从历史中，比较有感触的一点是：人类明知道自己的结局终是死亡，但是依旧能对很多事物和事情，充满难以想象的热情、喜悦和执着。于是，我理解，生命的本质，就是尽量开心和充实地过好每一天，并最终将它们汇聚成某些能够指引后世的成就。祝大家心中，都有认为值得自己去劳动的人和事！</p>
]]></content:encoded>
					
		
		
			</item>
		<item>
		<title>随笔 12</title>
		<link>./../../../informal-12/index.html</link>
		
		<dc:creator><![CDATA[Mingyu Zhu]]></dc:creator>
		<pubDate>Thu, 27 May 2021 13:52:56 +0000</pubDate>
				<category><![CDATA[Chinese (中文)]]></category>
		<category><![CDATA[Historical Essays (历史类随笔)]]></category>
		<category><![CDATA[Informal Essays (随笔)]]></category>
		<category><![CDATA[Writings (写作)]]></category>
		<guid isPermaLink="false">./../../../index.html?p=14433</guid>

					<description><![CDATA[热爱过去，憧憬未来那些因极具逻辑说服力的思想而使人们信仰高尚品质的时代那些因奇迹般的科技而让世人们对未来充满无限期待和崇拜的时代都将让未来的时代，更像是会无限可能]]></description>
										<content:encoded><![CDATA[
<p class="has-medium-font-size">热爱过去，憧憬未来<br>那些因极具逻辑说服力的思想而使人们信仰高尚品质的时代<br>那些因奇迹般的科技而让世人们对未来充满无限期待和崇拜的时代<br>都将让未来的时代，更像是会无限可能</p>
]]></content:encoded>
					
		
		
			</item>
		<item>
		<title>随笔 11</title>
		<link>./../../../informal-11/index.html</link>
		
		<dc:creator><![CDATA[Mingyu Zhu]]></dc:creator>
		<pubDate>Fri, 12 Mar 2021 14:25:50 +0000</pubDate>
				<category><![CDATA[Chinese (中文)]]></category>
		<category><![CDATA[Emotional Essays (感情类随笔)]]></category>
		<category><![CDATA[Informal Essays (随笔)]]></category>
		<category><![CDATA[Writings (写作)]]></category>
		<guid isPermaLink="false">./../../../index.html?p=13619</guid>

					<description><![CDATA[为给我勇气之人而勇敢……为给我指引之人而智慧……为给我希望之人而博爱……]]></description>
										<content:encoded><![CDATA[
<p class="has-medium-font-size">为给我勇气之人而勇敢……<br>为给我指引之人而智慧……<br>为给我希望之人而博爱……</p>
]]></content:encoded>
					
		
		
			</item>
		<item>
		<title>随笔 10</title>
		<link>./../../../informal-10/index.html</link>
		
		<dc:creator><![CDATA[Mingyu Zhu]]></dc:creator>
		<pubDate>Sun, 14 Feb 2021 13:40:24 +0000</pubDate>
				<category><![CDATA[Chinese (中文)]]></category>
		<category><![CDATA[Informal Essays (随笔)]]></category>
		<category><![CDATA[Summary Essays (总结类随笔)]]></category>
		<category><![CDATA[Writings (写作)]]></category>
		<guid isPermaLink="false">./../../../index.html?p=13540</guid>

					<description><![CDATA[人类曾因为各种原因，表现出了对同类的忠诚和自我牺牲。而在人类所有的忠诚和自我牺牲中，最为坚固的，莫过于，对此人人格魅力、优秀品质或出众能力的认可和崇敬，同时与此人拥有共同的人生目标和美好的理想，并愿意共同为这些目标和理想而努力。这一现象，会让爱情、友情、亲情以及普世的博爱变得无比牢固，任凭海枯石烂也屹立不倒。 所以，祝大家对他（她）人的忠诚，以及他（她）人对你的忠诚不仅仅是出于共同的经历和责任，还包括我以上所述的内容。既是指爱情，也是指友情，也是指亲情，也是指博爱……]]></description>
										<content:encoded><![CDATA[
<p class="has-medium-font-size">人类曾因为各种原因，表现出了对同类的忠诚和自我牺牲。而在人类所有的忠诚和自我牺牲中，最为坚固的，莫过于，对此人人格魅力、优秀品质或出众能力的认可和崇敬，同时与此人拥有共同的人生目标和美好的理想，并愿意共同为这些目标和理想而努力。这一现象，会让爱情、友情、亲情以及普世的博爱变得无比牢固，任凭海枯石烂也屹立不倒。</p>



<p class="has-medium-font-size">所以，祝大家对他（她）人的忠诚，以及他（她）人对你的忠诚不仅仅是出于共同的经历和责任，还包括我以上所述的内容。既是指爱情，也是指友情，也是指亲情，也是指博爱……</p>
]]></content:encoded>
					
		
		
			</item>
		<item>
		<title>随笔 9</title>
		<link>./../../../informal-9/index.html</link>
		
		<dc:creator><![CDATA[Mingyu Zhu]]></dc:creator>
		<pubDate>Wed, 10 Feb 2021 11:51:30 +0000</pubDate>
				<category><![CDATA[Chinese (中文)]]></category>
		<category><![CDATA[Emotional Essays (感情类随笔)]]></category>
		<category><![CDATA[Informal Essays (随笔)]]></category>
		<category><![CDATA[Writings (写作)]]></category>
		<guid isPermaLink="false">./../../../index.html?p=13512</guid>

					<description><![CDATA[银色的细雨敲打着充满叹息的大地起起伏伏的声线，努力表达着自己心中那份苦涩的温柔唯美的风景被交替的四季驱使， 无法坚持住自己最美丽的样子守望着那些看不见的星辰，那些消失了的宇宙。该以什么之名，幻想出一种怎样的梦境？不管是清晰还是模糊，不管是胸有成竹还是力不从心。诞生于这个世界的意义，应从当下开始去创造心中的启明星，会在静谧中，开始自己璀璨亦朦胧的闪耀]]></description>
										<content:encoded><![CDATA[
<p class="has-medium-font-size">银色的细雨敲打着充满叹息的大地<br>起起伏伏的声线，努力表达着自己心中那份苦涩的温柔<br>唯美的风景被交替的四季驱使， 无法坚持住自己最美丽的样子<br>守望着那些看不见的星辰，那些消失了的宇宙。该以什么之名，幻想出一种怎样的梦境？<br>不管是清晰还是模糊，不管是胸有成竹还是力不从心。诞生于这个世界的意义，应从当下开始去创造<br>心中的启明星，会在静谧中，开始自己璀璨亦朦胧的闪耀</p>
]]></content:encoded>
					
		
		
			</item>
		<item>
		<title>随笔 8</title>
		<link>./../../../informal-8/index.html</link>
		
		<dc:creator><![CDATA[Mingyu Zhu]]></dc:creator>
		<pubDate>Thu, 12 Nov 2020 13:15:35 +0000</pubDate>
				<category><![CDATA[Chinese (中文)]]></category>
		<category><![CDATA[Emotional Essays (感情类随笔)]]></category>
		<category><![CDATA[Informal Essays (随笔)]]></category>
		<category><![CDATA[Writings (写作)]]></category>
		<guid isPermaLink="false">./../../../index.html?p=11710</guid>

					<description><![CDATA[每个人都有自己的世界。梦幻般五彩的光芒，神秘幽暗的寂静，洞穿天地的深邃，令憎恨释怀的温柔。有些时候，就算冷风刺穿了皮肤上最后一层微薄的温暖，也还会继续孤独坚守在原处。守护着各自心中的正义，期盼着各自心中的英雄。但又曾想过，那样的英雄，他（她）又会有怎样的世界，他（她）又会一直守望着怎样的星辰，他（她）又会一直凝视着怎样的感动。]]></description>
										<content:encoded><![CDATA[
<p class="has-medium-font-size">每个人都有自己的世界。梦幻般五彩的光芒，神秘幽暗的寂静，洞穿天地的深邃，令憎恨释怀的温柔。有些时候，就算冷风刺穿了皮肤上最后一层微薄的温暖，也还会继续孤独坚守在原处。守护着各自心中的正义，期盼着各自心中的英雄。但又曾想过，那样的英雄，他（她）又会有怎样的世界，他（她）又会一直守望着怎样的星辰，他（她）又会一直凝视着怎样的感动。</p>
]]></content:encoded>
					
		
		
			</item>
		<item>
		<title>随笔 7</title>
		<link>./../../../informal-7/index.html</link>
		
		<dc:creator><![CDATA[Mingyu Zhu]]></dc:creator>
		<pubDate>Fri, 23 Oct 2020 13:44:23 +0000</pubDate>
				<category><![CDATA[Chinese (中文)]]></category>
		<category><![CDATA[Historical Essays (历史类随笔)]]></category>
		<category><![CDATA[Informal Essays (随笔)]]></category>
		<category><![CDATA[Writings (写作)]]></category>
		<guid isPermaLink="false">./../../../index.html?p=11595</guid>

					<description><![CDATA[从现代教育被发明以来，欧洲很多君主都清楚地意识到了教育的重要性。但在推行教育时，却又都遇到了严重的矛盾，君主的统治根基在于不平等地压迫。而让每个人都平等地接受教育，这似乎触犯了统治阶级的特权利益（至少表面上看是这样）。最终，不少君主在国民教育上的努力，变成了极少数贵族才能受益的精英教育。这些集中全部教育资源去服务所谓的优越阶级的国家，都慢慢输给了将全部教育资源尽可能分配给每一位公民的国家。]]></description>
										<content:encoded><![CDATA[
<p class="has-medium-font-size">从现代教育被发明以来，欧洲很多君主都清楚地意识到了教育的重要性。但在推行教育时，却又都遇到了严重的矛盾，君主的统治根基在于不平等地压迫。而让每个人都平等地接受教育，这似乎触犯了统治阶级的特权利益（至少表面上看是这样）。最终，不少君主在国民教育上的努力，变成了极少数贵族才能受益的精英教育。这些集中全部教育资源去服务所谓的优越阶级的国家，都慢慢输给了将全部教育资源尽可能分配给每一位公民的国家。</p>
]]></content:encoded>
					
		
		
			</item>
		<item>
		<title>随笔 6</title>
		<link>./../../../informal-6/index.html</link>
		
		<dc:creator><![CDATA[Mingyu Zhu]]></dc:creator>
		<pubDate>Fri, 23 Oct 2020 13:34:43 +0000</pubDate>
				<category><![CDATA[Chinese (中文)]]></category>
		<category><![CDATA[Informal Essays (随笔)]]></category>
		<category><![CDATA[Summary Essays (总结类随笔)]]></category>
		<category><![CDATA[Writings (写作)]]></category>
		<guid isPermaLink="false">./../../../index.html?p=11591</guid>

					<description><![CDATA[如果能够用睡前玩手机的时间，换成睡前看书的时间。那一年下来也能看完不少令人崇敬和感慨的人生。降生于世的意义，需要自己去谱写，而越是为了自己认为正确的事情而不妥协的人，越是可能创造传奇。愿我们的文明，能多诞生几位苏格拉底、柏拉图、亚里士多德，多诞生几位卢梭、孟德斯鸠、伏尔泰&#8230;&#8230;]]></description>
										<content:encoded><![CDATA[
<p class="has-medium-font-size">如果能够用睡前玩手机的时间，换成睡前看书的时间。那一年下来也能看完不少令人崇敬和感慨的人生。降生于世的意义，需要自己去谱写，而越是为了自己认为正确的事情而不妥协的人，越是可能创造传奇。愿我们的文明，能多诞生几位苏格拉底、柏拉图、亚里士多德，多诞生几位卢梭、孟德斯鸠、伏尔泰&#8230;&#8230;</p>
]]></content:encoded>
					
		
		
			</item>
		<item>
		<title>随笔 5</title>
		<link>./../../../informal-5/index.html</link>
		
		<dc:creator><![CDATA[Mingyu Zhu]]></dc:creator>
		<pubDate>Fri, 23 Oct 2020 13:20:05 +0000</pubDate>
				<category><![CDATA[Chinese (中文)]]></category>
		<category><![CDATA[Emotional Essays (感情类随笔)]]></category>
		<category><![CDATA[Informal Essays (随笔)]]></category>
		<category><![CDATA[Writings (写作)]]></category>
		<guid isPermaLink="false">./../../../index.html?p=11588</guid>

					<description><![CDATA[当秋风拂过脸颊时，那种温度，那种触碰，就像是一种虔诚的祈祷、一种温柔的祝福、一种伟大的启示，通过皮肤传达到内心，注入到灵魂中。]]></description>
										<content:encoded><![CDATA[
<p class="has-medium-font-size">当秋风拂过脸颊时，那种温度，那种触碰，就像是一种虔诚的祈祷、一种温柔的祝福、一种伟大的启示，通过皮肤传达到内心，注入到灵魂中。</p>
]]></content:encoded>
					
		
		
			</item>
		<item>
		<title>云计算简介</title>
		<link>./../../../introduction-to-cloud-computing/index.html</link>
		
		<dc:creator><![CDATA[Mingyu Zhu]]></dc:creator>
		<pubDate>Fri, 23 Oct 2020 11:17:59 +0000</pubDate>
				<category><![CDATA[Articles (文章)]]></category>
		<category><![CDATA[Chinese (中文)]]></category>
		<category><![CDATA[Cloud Computing (云计算)]]></category>
		<category><![CDATA[Container Clouds (容器云)]]></category>
		<category><![CDATA[Information Technology (IT) Articles (信息技术类文章)]]></category>
		<category><![CDATA[Kubernetes (K8s)]]></category>
		<category><![CDATA[OpenShift]]></category>
		<category><![CDATA[OpenStack]]></category>
		<category><![CDATA[Virtualization Clouds (虚拟化云)]]></category>
		<category><![CDATA[Writings (写作)]]></category>
		<guid isPermaLink="false">./../../../index.html?p=11583</guid>

					<description><![CDATA[云计算最早起源于亚马逊公司，后来 NASA（美国国家航空航天局）模仿亚马逊云做了一个开源的 OpenStack 云计算平台，之后又将这个项目交给了 Apache 基金会管理。如今 OpenStack 已成为云计算的代名词之一。 云计算的种类分为三种： IaaS 全名为：Infrastructure as a Service，基础设施即服务。是硬件的云，类似于 CPU、内存、硬盘等硬件的资源池。主要技术架构是开源的 OpenStack，同时也存在亚马逊云、谷歌云、阿里云等非开源的云。 PaaS 全名为：Platform as a Service，基础即服务。是服务的云，类似于 Tomcat、Nginx 等服务的资源池。主要技术架构是开源的 OpenShift 和 kubernetes 等。 SaaS 全名为：Software as a Service，软件即服务。是软件的云，相关的软件已经完全开发完成并进行云部署，例如微软的 OneDrive。]]></description>
										<content:encoded><![CDATA[
<p>云计算最早起源于亚马逊公司，后来 NASA（美国国家航空航天局）模仿亚马逊云做了一个开源的 OpenStack 云计算平台，之后又将这个项目交给了 Apache 基金会管理。如今 OpenStack 已成为云计算的代名词之一。</p>



<p class="has-medium-font-size">云计算的种类分为三种：</p>



<h2>IaaS</h2>



<p>全名为：Infrastructure as a Service，基础设施即服务。是硬件的云，类似于 CPU、内存、硬盘等硬件的资源池。主要技术架构是开源的 OpenStack，同时也存在亚马逊云、谷歌云、阿里云等非开源的云。</p>



<h2>PaaS</h2>



<p>全名为：Platform as a Service，基础即服务。是服务的云，类似于 Tomcat、Nginx 等服务的资源池。主要技术架构是开源的 OpenShift 和 kubernetes 等。</p>



<h2>SaaS</h2>



<p>全名为：Software as a Service，软件即服务。是软件的云，相关的软件已经完全开发完成并进行云部署，例如微软的 OneDrive。</p>
]]></content:encoded>
					
		
		
			</item>
		<item>
		<title>Docker 容器简介</title>
		<link>./../../../introduction-of-docker-container/index.html</link>
		
		<dc:creator><![CDATA[Mingyu Zhu]]></dc:creator>
		<pubDate>Sun, 04 Oct 2020 09:31:51 +0000</pubDate>
				<category><![CDATA[Articles (文章)]]></category>
		<category><![CDATA[Chinese (中文)]]></category>
		<category><![CDATA[Cloud Computing (云计算)]]></category>
		<category><![CDATA[Containers (容器)]]></category>
		<category><![CDATA[Docker]]></category>
		<category><![CDATA[Information Technology (IT) Articles (信息技术类文章)]]></category>
		<category><![CDATA[Writings (写作)]]></category>
		<guid isPermaLink="false">./../../../index.html?p=10621</guid>

					<description><![CDATA[章节一：什么是容器 Docker 主要是由 Linux 内核的三个部分组成：1. namesapce 用于将各个服务隔离开，并按需求分成一个个隔离组，每个隔离组就可以看作一个容器，各个隔离组之间相互隔离2. CGroup 用于限制各个隔离组的可用资源，避免各个隔离组之间进行硬件资源争抢3. SELinux 用于安全，也可以不要让资源裸奔 章节二：容器和虚拟机 容器和虚拟机类似，但是容器有很多部分公用着宿主机系统的环境和软件，而虚拟机系统和宿主机系统之间是完全隔离的]]></description>
										<content:encoded><![CDATA[
<h2>章节一：什么是容器</h2>



<p>Docker 主要是由 Linux 内核的三个部分组成：<br>1. namesapce 用于将各个服务隔离开，并按需求分成一个个隔离组，每个隔离组就可以看作一个容器，各个隔离组之间相互隔离<br>2. CGroup 用于限制各个隔离组的可用资源，避免各个隔离组之间进行硬件资源争抢<br>3. SELinux 用于安全，也可以不要让资源裸奔</p>



<h2>章节二：容器和虚拟机</h2>



<p>容器和虚拟机类似，但是容器有很多部分公用着宿主机系统的环境和软件，而虚拟机系统和宿主机系统之间是完全隔离的</p>
]]></content:encoded>
					
		
		
			</item>
		<item>
		<title>你的星辰</title>
		<link>./../../../your-stars/index.html</link>
		
		<dc:creator><![CDATA[Mingyu Zhu]]></dc:creator>
		<pubDate>Sat, 03 Oct 2020 03:31:47 +0000</pubDate>
				<category><![CDATA[Chinese (中文)]]></category>
		<category><![CDATA[Poetry (诗歌)]]></category>
		<category><![CDATA[Writings (写作)]]></category>
		<guid isPermaLink="false">./../../../index.html?p=10619</guid>

					<description><![CDATA[暗光弥漫的小道旁漂浮着花落之季的残香落花染粉的石阶上游离着初夏之夜的萤光 人们灵魂深处的圣殿人生必将通过的走廊那些似乎是宿命的未来会通向怎样令人欲罢不能的方向 不知疲倦的时间之沙一直流淌尽力燃烧着人类有限的生命之光生命和生命所处的时代如此复杂难以揣摩初生的婴儿们却在用最清澈的眼神凝视着她 生命本身是带着残缺而生只有看到了最美的星辰所指的方向才算完整指针和地图上上浅浅勾勒出的箭头是目光敏锐的作家们在传记里唯一愿下笔的内容 赤子心中那份温柔而深邃的愿望就算最终都会被现实粉碎成残缺不全的冰晶也是人们心中最宝贵的财富和向往奔流着梦幻般永恒不变的五彩星光]]></description>
										<content:encoded><![CDATA[
<p class="has-medium-font-size">暗光弥漫的小道旁<br>漂浮着花落之季的残香<br>落花染粉的石阶上<br>游离着初夏之夜的萤光</p>



<p class="has-medium-font-size">人们灵魂深处的圣殿<br>人生必将通过的走廊<br>那些似乎是宿命的未来<br>会通向怎样令人欲罢不能的方向</p>



<p class="has-medium-font-size">不知疲倦的时间之沙一直流淌<br>尽力燃烧着人类有限的生命之光<br>生命和生命所处的时代如此复杂难以揣摩<br>初生的婴儿们却在用最清澈的眼神凝视着她</p>



<p class="has-medium-font-size">生命本身是带着残缺而生<br>只有看到了最美的星辰所指的方向才算完整<br>指针和地图上上浅浅勾勒出的箭头<br>是目光敏锐的作家们在传记里唯一愿下笔的内容</p>



<p class="has-medium-font-size">赤子心中那份温柔而深邃的愿望<br>就算最终都会被现实粉碎成残缺不全的冰晶<br>也是人们心中最宝贵的财富和向往<br>奔流着梦幻般永恒不变的五彩星光</p>
]]></content:encoded>
					
		
		
			</item>
		<item>
		<title>彗星</title>
		<link>./../../../comet/index.html</link>
		
		<dc:creator><![CDATA[Mingyu Zhu]]></dc:creator>
		<pubDate>Wed, 27 May 2020 15:45:55 +0000</pubDate>
				<category><![CDATA[Chinese (中文)]]></category>
		<category><![CDATA[Poetry (诗歌)]]></category>
		<category><![CDATA[Writings (写作)]]></category>
		<guid isPermaLink="false">./../../../index.html?p=9555</guid>

					<description><![CDATA[用谎言编织的真理扭曲着万色梦幻的星辰群星闪耀的壮丽光芒被私欲无情地拉扯变形 行星磁层在疯狂的来回颠倒孤独无助的寻找着宇宙的磁极行星大气的汹涌澎湃影射出自我都未尝察觉到的内心矛盾 肆无忌惮不受约束的引力粉碎着各个景色迥异的星平线星海的分子在自我堕落中燃烧殆尽化为混沌虚空中无尽的原子尘埃 不再盲从的独自思考让彗星自由选择向往的方向拖着冰晶纷飞的尾翼搜寻着自己向往的星辰 穿越着无数个孕育出生命的星系一次次地划破广袤的苍穹一次次地创造着多彩梦幻的天启指引着迷失的人们寻找属于自己的坚持 自由、平等、博爱的信念重塑着各个景色迥异的星平线各个定格辉煌历史的奇观建筑拔地而起凝聚成一个个璀璨文明的光辉元素]]></description>
										<content:encoded><![CDATA[
<p class="has-medium-font-size">用谎言编织的真理<br>扭曲着万色梦幻的星辰<br>群星闪耀的壮丽光芒<br>被私欲无情地拉扯变形</p>



<p class="has-medium-font-size">行星磁层在疯狂的来回颠倒<br>孤独无助的寻找着宇宙的磁极<br>行星大气的汹涌澎湃<br>影射出自我都未尝察觉到的内心矛盾</p>



<p class="has-medium-font-size">肆无忌惮不受约束的引力<br>粉碎着各个景色迥异的星平线<br>星海的分子在自我堕落中燃烧殆尽<br>化为混沌虚空中无尽的原子尘埃</p>



<p class="has-medium-font-size">不再盲从的独自思考<br>让彗星自由选择向往的方向<br>拖着冰晶纷飞的尾翼<br>搜寻着自己向往的星辰</p>



<p class="has-medium-font-size">穿越着无数个孕育出生命的星系<br>一次次地划破广袤的苍穹<br>一次次地创造着多彩梦幻的天启<br>指引着迷失的人们寻找属于自己的坚持</p>



<p class="has-medium-font-size">自由、平等、博爱的信念<br>重塑着各个景色迥异的星平线<br>各个定格辉煌历史的奇观建筑拔地而起<br>凝聚成一个个璀璨文明的光辉元素</p>
]]></content:encoded>
					
		
		
			</item>
		<item>
		<title>水与冰</title>
		<link>./../../../%e6%b0%b4%e4%b8%8e%e5%86%b0/index.html</link>
		
		<dc:creator><![CDATA[Mingyu Zhu]]></dc:creator>
		<pubDate>Wed, 27 May 2020 15:27:40 +0000</pubDate>
				<category><![CDATA[Chinese (中文)]]></category>
		<category><![CDATA[Poetry (诗歌)]]></category>
		<category><![CDATA[Writings (写作)]]></category>
		<guid isPermaLink="false">./../../../index.html?p=9553</guid>

					<description><![CDATA[水温柔的改变着自己的身体包容着周围物体的形状反射着他人的闪光点 用绝对纯粹的透明展示着自我的灵魂和思想从不以污秽且具有迷惑性的颜色干扰他人的洞察和判断 冰凝结成刚硬无比的星体抵挡着彗星前仆后继的撞击反射着恒星的永恒光芒 以持之以恒的刚毅在夜空中为人们指明方向从不会因是独自坚持而从天空偷偷陨落让世人们重新迷茫不知所措]]></description>
										<content:encoded><![CDATA[
<p class="has-medium-font-size">水<br>温柔的改变着自己的身体<br>包容着周围物体的形状<br>反射着他人的闪光点</p>



<p class="has-medium-font-size">用绝对纯粹的透明<br>展示着自我的灵魂和思想<br>从不以污秽且具有迷惑性的颜色<br>干扰他人的洞察和判断</p>



<p class="has-medium-font-size">冰<br>凝结成刚硬无比的星体<br>抵挡着彗星前仆后继的撞击<br>反射着恒星的永恒光芒</p>



<p class="has-medium-font-size">以持之以恒的刚毅<br>在夜空中为人们指明方向<br>从不会因是独自坚持而从天空偷偷陨落<br>让世人们重新迷茫不知所措</p>
]]></content:encoded>
					
		
		
			</item>
		<item>
		<title>我们的未来</title>
		<link>./../../../our-future/index.html</link>
		
		<dc:creator><![CDATA[Mingyu Zhu]]></dc:creator>
		<pubDate>Sun, 09 Feb 2020 06:56:09 +0000</pubDate>
				<category><![CDATA[Chinese (中文)]]></category>
		<category><![CDATA[Poetry (诗歌)]]></category>
		<category><![CDATA[Writings (写作)]]></category>
		<guid isPermaLink="false">./../../../index.html?p=8246</guid>

					<description><![CDATA[蔚蓝的天空沐浴着圣洁的阳光它依旧在作着无忧无虑的梦 如今的大地已在寂静之中开始了隐秘却剧烈的翻滚 那些温柔又神圣的祈祷还未传播到需要的地方便开始消失匿迹 那些理性又严谨的理想还未开始深刻的探讨便被尘封于盲从的大潮 生命的意义应该如何用本来就矛盾的思想去诠释？灵魂的价值又该如何用独一无二的人生去描述？ 在纯白的、洁白的、净白的憧憬之后会创造和邂逅出怎样的未来在迷惑的、困惑的、迷茫的挣扎之后是否能在虚空之中真正开始独立思考 那些让人类感到混沌不堪却又欲罢不能的说法该如何回归到它该有的澄清？那些充满自我牺牲与博爱却又容易被误解的传奇又该如何依靠历史的密码去佐证？ 在鲜红的、血红的、艳红的青春热情之后会创造和邂逅出怎样的未来在努力的、拼命的、穷尽一切的尝试之后是否能在虚空之中找到真正的路 能够让每一个人都听到公平、包容、理解的歌谣能够让每一个人都能够公平实现自我价值和自我幸福能够创造和邂逅出一个属于这个星球上每一个人的未来]]></description>
										<content:encoded><![CDATA[
<p class="has-medium-font-size">蔚蓝的天空<br>沐浴着圣洁的阳光<br>它依旧在作着无忧无虑的梦</p>



<p class="has-medium-font-size">如今的大地<br>已在寂静之中<br>开始了隐秘却剧烈的翻滚</p>



<p class="has-medium-font-size">那些温柔又神圣的祈祷<br>还未传播到需要的地方<br>便开始消失匿迹</p>



<p class="has-medium-font-size">那些理性又严谨的理想<br>还未开始深刻的探讨<br>便被尘封于盲从的大潮</p>



<p class="has-medium-font-size">生命的意义<br>应该如何用本来就矛盾的思想去诠释？<br>灵魂的价值<br>又该如何用独一无二的人生去描述？</p>



<p class="has-medium-font-size">在纯白的、洁白的、净白的憧憬之后<br>会创造和邂逅出怎样的未来<br>在迷惑的、困惑的、迷茫的挣扎之后<br>是否能在虚空之中真正开始独立思考</p>



<p class="has-medium-font-size">那些让人类感到混沌不堪却又欲罢不能的说法<br>该如何回归到它该有的澄清？<br>那些充满自我牺牲与博爱却又容易被误解的传奇<br>又该如何依靠历史的密码去佐证？</p>



<p class="has-medium-font-size">在鲜红的、血红的、艳红的青春热情之后<br>会创造和邂逅出怎样的未来<br>在努力的、拼命的、穷尽一切的尝试之后<br>是否能在虚空之中找到真正的路</p>



<p class="has-medium-font-size">能够让每一个人都听到公平、包容、理解的歌谣<br>能够让每一个人都能够公平实现自我价值和自我幸福<br>能够创造和邂逅出一个属于这个星球上每一个人的未来</p>
]]></content:encoded>
					
		
		
			</item>
		<item>
		<title>上古启示</title>
		<link>./../../../ancient-enlightenment/index.html</link>
		
		<dc:creator><![CDATA[Mingyu Zhu]]></dc:creator>
		<pubDate>Tue, 31 Dec 2019 14:26:40 +0000</pubDate>
				<category><![CDATA[Chinese (中文)]]></category>
		<category><![CDATA[Poetry (诗歌)]]></category>
		<category><![CDATA[Writings (写作)]]></category>
		<guid isPermaLink="false">./../../../index.html?p=7997</guid>

					<description><![CDATA[清澈的小溪缓缓流过蜿蜒寂静的山谷明亮的阳光让它的波纹如砖石般圣洁耀眼愿将心灵托付于吮吸这些圣洁的树林愿他们深邃的阅历能够给心灵带来清晰的指引 远古地球沉重的低语生命挣扎存在的真相自私、贪婪、恐惧、懦弱、残忍这些恶毒的心魔是怎样被植入到族人的基因中的 大地四季的五彩缤纷在年复一年的轮回红色夕阳的梦幻瞬间总是如期洗礼着那条起伏不断的地平线 在那个方向遥远的地方孤独伫立的礁石在不断承受着冰寒刺骨的惊涛骇浪在浩瀚未知的大海面前守护着最终的初心和坚持 那些在最仇视异己的时代中孤注一掷的公正是如何在遍体鳞伤地支撑起一个种族的未来那些在仇恨和残忍面前勇敢坚持下来的宽恕又换回过哪些充满魔法的奇迹 夕阳的红色让树林和天空合为一体轻柔的微风让彩色的树叶唱起了上古的歌谣这些经历过冰热世纪世代相传的旋律彼此呼应让心灵在空洞的未知中独自坚强 壮丽的星辰努力驱散着暗夜的混沌流星灿烂的尾翼提示着陨石撞击的时代那颗庄严璀璨的星际之光消失在起伏不断的地平线那是一条由树林们依靠自由、公正和博爱组成的文明底线]]></description>
										<content:encoded><![CDATA[
<p class="has-medium-font-size">清澈的小溪缓缓流过蜿蜒寂静的山谷<br>明亮的阳光让它的波纹如砖石般圣洁耀眼<br>愿将心灵托付于吮吸这些圣洁的树林<br>愿他们深邃的阅历能够给心灵带来清晰的指引</p>



<p class="has-medium-font-size">远古地球沉重的低语<br>生命挣扎存在的真相<br>自私、贪婪、恐惧、懦弱、残忍<br>这些恶毒的心魔是怎样被植入到族人的基因中的</p>



<p class="has-medium-font-size">大地四季的五彩缤纷<br>在年复一年的轮回<br>红色夕阳的梦幻瞬间<br>总是如期洗礼着那条起伏不断的地平线</p>



<p class="has-medium-font-size">在那个方向遥远的地方<br>孤独伫立的礁石<br>在不断承受着冰寒刺骨的惊涛骇浪<br>在浩瀚未知的大海面前守护着最终的初心和坚持</p>



<p class="has-medium-font-size">那些在最仇视异己的时代中孤注一掷的公正<br>是如何在遍体鳞伤地支撑起一个种族的未来<br>那些在仇恨和残忍面前勇敢坚持下来的宽恕<br>又换回过哪些充满魔法的奇迹</p>



<p class="has-medium-font-size">夕阳的红色让树林和天空合为一体<br>轻柔的微风让彩色的树叶唱起了上古的歌谣<br>这些经历过冰热世纪世代相传的旋律彼此呼应<br>让心灵在空洞的未知中独自坚强</p>



<p class="has-medium-font-size">壮丽的星辰努力驱散着暗夜的混沌<br>流星灿烂的尾翼提示着陨石撞击的时代<br>那颗庄严璀璨的星际之光消失在起伏不断的地平线<br>那是一条由树林们依靠自由、公正和博爱组成的文明底线</p>
]]></content:encoded>
					
		
		
			</item>
		<item>
		<title>碧空之歌</title>
		<link>./../../../song-of-blue-sky/index.html</link>
		
		<dc:creator><![CDATA[Mingyu Zhu]]></dc:creator>
		<pubDate>Mon, 07 Oct 2019 15:12:00 +0000</pubDate>
				<category><![CDATA[Articles (文章)]]></category>
		<category><![CDATA[Chinese (中文)]]></category>
		<category><![CDATA[Sentimental Articles (感悟类文章)]]></category>
		<category><![CDATA[Writings (写作)]]></category>
		<guid isPermaLink="false">./../../../index.html?p=5885</guid>

					<description><![CDATA[碧蓝的天空如此清澈，一眼望去似乎就找不到任何瑕疵。但碧空下的生命却总是带着缺失而生，需要各种感情和经历将它填满才算完整。而那些带着哭啼声降临于世的生灵们，又会为自己谱写一曲怎样的永恒生命之歌？ 饥饿、自私、恐惧、怜悯、开心……每一次来自生物本能的潜意识行为和潜意识感受，一点点地组成了真实却又常被忽略的本我。 成就、事业、自我价值、性格取向、自我目标……每一次对自己的探索、认知、认同和抉择，逐渐组成了真实却又含糊不清的自我。 自由、平等、博爱、道德、信仰……个人与世界之间到底是怎样的一种关系？每次对此的理解、评判和选择，逐步形成了多种多样、概括不清并且会为此流血冲突的超我。 在自私和平等中来回冲撞遍体鳞伤的雅典人，通过民主投票的制度控制他人和自己贪得无厌的心魔。 在自由和死亡面前驻足不前的斯巴达人，依靠荣誉获得着自我认同，并最终使用生命去成就自由。 前人们沧桑背影后的五线谱如此多样，生灵们又打算用哪一种旋律创造出怎样的一首新的优美之歌，能够像亚里士多德、黑格尔的歌一样，让其他的人也会充满希望、认同和感动地轻轻跟着哼。]]></description>
										<content:encoded><![CDATA[
<p>碧蓝的天空如此清澈，一眼望去似乎就找不到任何瑕疵。但碧空下的生命却总是带着缺失而生，需要各种感情和经历将它填满才算完整。而那些带着哭啼声降临于世的生灵们，又会为自己谱写一曲怎样的永恒生命之歌？</p>



<p>饥饿、自私、恐惧、怜悯、开心……每一次来自生物本能的潜意识行为和潜意识感受，一点点地组成了真实却又常被忽略的本我。</p>



<p>成就、事业、自我价值、性格取向、自我目标……每一次对自己的探索、认知、认同和抉择，逐渐组成了真实却又含糊不清的自我。</p>



<p>自由、平等、博爱、道德、信仰……个人与世界之间到底是怎样的一种关系？每次对此的理解、评判和选择，逐步形成了多种多样、概括不清并且会为此流血冲突的超我。</p>



<p>在自私和平等中来回冲撞遍体鳞伤的雅典人，通过民主投票的制度控制他人和自己贪得无厌的心魔。</p>



<p>在自由和死亡面前驻足不前的斯巴达人，依靠荣誉获得着自我认同，并最终使用生命去成就自由。</p>



<p>前人们沧桑背影后的五线谱如此多样，生灵们又打算用哪一种旋律创造出怎样的一首新的优美之歌，能够像亚里士多德、黑格尔的歌一样，让其他的人也会充满希望、认同和感动地轻轻跟着哼。</p>
]]></content:encoded>
					
		
		
			</item>
	</channel>
</rss>
