<?xml version="1.0" encoding="UTF-8"?><rss version="2.0"
	xmlns:content="http://purl.org/rss/1.0/modules/content/"
	xmlns:wfw="http://wellformedweb.org/CommentAPI/"
	xmlns:dc="http://purl.org/dc/elements/1.1/"
	xmlns:atom="http://www.w3.org/2005/Atom"
	xmlns:sy="http://purl.org/rss/1.0/modules/syndication/"
	xmlns:slash="http://purl.org/rss/1.0/modules/slash/"
	>

<channel>
	<title>Eternal Center</title>
	<atom:link href="./index.html" rel="self" type="application/rss+xml" />
	<link>./../index.html</link>
	<description></description>
	<lastBuildDate>Thu, 30 Dec 2021 13:39:08 +0000</lastBuildDate>
	<language>en-US</language>
	<sy:updatePeriod>
	hourly	</sy:updatePeriod>
	<sy:updateFrequency>
	1	</sy:updateFrequency>
	
	<item>
		<title>WordPress 值得使用的主题和插件</title>
		<link>./../wordpress-theme-plugins/index.html</link>
		
		<dc:creator><![CDATA[Mingyu Zhu]]></dc:creator>
		<pubDate>Mon, 27 Dec 2021 14:26:53 +0000</pubDate>
				<category><![CDATA[Articles (文章)]]></category>
		<category><![CDATA[Chinese (中文)]]></category>
		<category><![CDATA[Information Technology (IT) Articles (信息技术类文章)]]></category>
		<category><![CDATA[Languages (语言)]]></category>
		<category><![CDATA[Personal Website Building (个人网站建设)]]></category>
		<category><![CDATA[PHP]]></category>
		<category><![CDATA[Project (项目)]]></category>
		<category><![CDATA[Website Programs (网页程序)]]></category>
		<category><![CDATA[Writings (写作)]]></category>
		<guid isPermaLink="false">./../index.html?p=20391</guid>

					<description><![CDATA[主题 Twenty Seventeen Twenty Seventeen 是一个开源的 WordPress 主题，非常适合目录较多的网站，首页能够巧妙地将图片和文字结合在一起。 插件 All In One WP Security All In One WP Security 是一个开源的 WordPress 安全插件，比较全面地对 WordPress 进行安全加强，安装了这个插件以后，基本上就不需要再安装其他安全插件。 Easy WP SMTP Easy WP SMTP 是一个开源的 WordPress 邮件插件，可以实现 WordPress 通过 SMTP 发送邮件。 Simply Static Simply Static 是一个开源的 WordPress 动态网站转静态网站插件，可以将动态网站转换成静态网站。]]></description>
										<content:encoded><![CDATA[
<h2>主题</h2>



<h2 class="has-normal-font-size">Twenty Seventeen</h2>



<p>Twenty Seventeen 是一个开源的 WordPress 主题，非常适合目录较多的网站，首页能够巧妙地将图片和文字结合在一起。</p>



<h2>插件</h2>



<h2 class="has-normal-font-size">All In One WP Security</h2>



<p>All In One WP Security 是一个开源的 WordPress 安全插件，比较全面地对 WordPress 进行安全加强，安装了这个插件以后，基本上就不需要再安装其他安全插件。</p>



<h2 class="has-normal-font-size">Easy WP SMTP</h2>



<p>Easy WP SMTP 是一个开源的 WordPress 邮件插件，可以实现 WordPress 通过 SMTP 发送邮件。</p>



<h2 class="has-normal-font-size">Simply Static</h2>



<p>Simply Static 是一个开源的 WordPress 动态网站转静态网站插件，可以将动态网站转换成静态网站。</p>
]]></content:encoded>
					
		
		
			</item>
		<item>
		<title>[步骤] Linux SSL 证书的生成 （Let&#8217;s Encrypt certbot 版）</title>
		<link>./../ssl-lets-encrypt-certbot/index.html</link>
		
		<dc:creator><![CDATA[Mingyu Zhu]]></dc:creator>
		<pubDate>Sun, 19 Dec 2021 15:12:46 +0000</pubDate>
				<category><![CDATA[Apache]]></category>
		<category><![CDATA[Basic Guidelines for Website building (网站建设基础指南)]]></category>
		<category><![CDATA[Chinese (中文)]]></category>
		<category><![CDATA[Django Service (服务)]]></category>
		<category><![CDATA[Nginx]]></category>
		<category><![CDATA[Nginx Security (安全)]]></category>
		<category><![CDATA[Personal Website Building (个人网站建设)]]></category>
		<category><![CDATA[Project (项目)]]></category>
		<category><![CDATA[Services (服务)]]></category>
		<category><![CDATA[System (系统)]]></category>
		<category><![CDATA[System Network & System Security & System Log (系统网络 & 系统安全 & 系统日志)]]></category>
		<category><![CDATA[System Port Security (系统端口安全)]]></category>
		<category><![CDATA[System Security (系统安全)]]></category>
		<category><![CDATA[Website Services (网站服务)]]></category>
		<guid isPermaLink="false">./../index.html?p=19886</guid>

					<description><![CDATA[步骤目录： 步骤一：将要申请 Let&#8217;s Encrypt SSL 的域名解析到要进行操作的服务器 IP 地址上 步骤二：安装 certbot 步骤三：使用 certbot 生成 Let&#8217;s Encrypt SSL 证书 步骤四：查看已经生成的 Let&#8217;s Encrypt SSL 证书 步骤五：延期 Let&#8217;s Encrypt SSL 证书5.1 查看 Let&#8217;s Encrypt SSL 证书的延期策略5.2 手动延期 Let&#8217;s Encrypt SSL 证书5.3 自动延期 Let&#8217;s Encrypt SSL 证书 步骤六：Let’s Encrypt SSL 证书的生成限制 具体的操作步骤： 步骤一：将要申请 Let&#8217;s Encrypt SSL 的域名解析到要进行操作的服务器 IP 地址上 （步骤略） &#8230; <p class="link-more"><a href="./../ssl-lets-encrypt-certbot/index.html" class="more-link">Continue reading<span class="screen-reader-text"> "[步骤] Linux SSL 证书的生成 （Let&#8217;s Encrypt certbot 版）"</span></a></p>]]></description>
										<content:encoded><![CDATA[
<h2>步骤目录：</h2>



<h4>步骤一：将要申请 Let&#8217;s Encrypt SSL 的域名解析到要进行操作的服务器 IP 地址上</h4>



<h4>步骤二：安装 certbot</h4>



<h4>步骤三：使用 certbot 生成 Let&#8217;s Encrypt SSL 证书</h4>



<h4>步骤四：查看已经生成的 Let&#8217;s Encrypt SSL 证书</h4>



<h4>步骤五：延期 Let&#8217;s Encrypt SSL 证书<br>5.1 查看 Let&#8217;s Encrypt SSL 证书的延期策略<br>5.2 手动延期 Let&#8217;s Encrypt SSL 证书<br>5.3 自动延期 Let&#8217;s Encrypt SSL 证书</h4>



<h4>步骤六：Let’s Encrypt SSL 证书的生成限制</h4>



<h2>具体的操作步骤：</h2>



<h4>步骤一：将要申请 Let&#8217;s Encrypt SSL 的域名解析到要进行操作的服务器 IP 地址上</h4>



<p>（步骤略）</p>



<h4>步骤二：安装 certbot</h4>



<pre class="wp-block-code"><code># yum -y install certbot</code></pre>



<p>（补充：这里以在 Fedora 35 上安装 certbot 为例）</p>



<h4>步骤三：使用 certbot 生成 Let&#8217;s Encrypt SSL 证书</h4>



<pre class="wp-block-code"><code># certbot certonly --email mingyu.zhu@eternalcenter.com -n --agree-tos --webroot -w /usr/share/nginx/html/ -d eternalcenter.com
Saving debug log to /var/log/letsencrypt/letsencrypt.log
Plugins selected: Authenticator webroot, Installer None
Requesting a certificate for eternalcenter.com
Performing the following challenges:
http-01 challenge for eternalcenter.com
Using the webroot path /usr/share/nginx/html for all unmatched domains.
Waiting for verification...
Cleaning up challenges

IMPORTANT NOTES:
 - Congratulations! Your certificate and chain have been saved at:
   /etc/letsencrypt/live/eternalcenter.com/fullchain.pem
   Your key file has been saved at:
   /etc/letsencrypt/live/eternalcenter.com/privkey.pem
   Your certificate will expire on 2022-03-20. To obtain a new or
   tweaked version of this certificate in the future, simply run
   certbot again. To non-interactively renew *all* of your
   certificates, run "certbot renew"
 - If you like Certbot, please consider supporting our work by:

   Donating to ISRG / Let's Encrypt:   https://letsencrypt.org/donate
   Donating to EFF:                    https://eff.org/donate-le</code></pre>



<p>（<br>补充：这里以<br>1) 使用 mingyu.zhu@eternalcenter.com 邮箱<br>2) 以非交互式的方式<br>3) 通过给 /usr/share/nginx/html/ 网站目录里添加验证文件进行验证<br>4) 给 eternalcenter.com 域名<br>申请 Let&#8217;s Encrypt SSL 证书为例<br>）</p>



<h4>步骤四：查看已经生成的 Let&#8217;s Encrypt SSL 证书</h4>



<pre class="wp-block-code"><code># certbot certificates
Saving debug log to /var/log/letsencrypt/letsencrypt.log

- - - - - - - - - - - - - - - - - - - - - - - - - - - - - - - - - - - - - - - -
Found the following certs:
  Certificate Name: eternalcenter.com
    Serial Number: 3e8cdb74a1abfbf3d535ec1c3f8cb3e4e4c
    Key Type: RSA
    Domains: eternalcenter.com
    Expiry Date: 2022-03-20 13:48:48+00:00 (VALID: 89 days)
    Certificate Path: /etc/letsencrypt/live/eternalcenter.com/fullchain.pem
    Private Key Path: /etc/letsencrypt/live/eternalcenter.com/privkey.pem
- - - - - - - - - - - - - - - - - - - - - - - - - - - - - - - - - - - - - - - -
</code></pre>



<p>（<br>补充：<br>1) /etc/letsencrypt/live/eternalcenter.com/fullchain.pem 是公钥<br>2) /etc/letsencrypt/live/eternalcenter.com/privkey.pem 是私钥<br>）</p>



<h4>步骤五：延期 Let&#8217;s Encrypt SSL 证书<br>5.1 查看 Let&#8217;s Encrypt SSL 证书的延期策略</h4>



<pre class="wp-block-code"><code># cat /etc/letsencrypt/renewal/eternalcenter.com.conf 
# renew_before_expiry = 30 days
version = 1.20.0
archive_dir = /etc/letsencrypt/archive/eternalcenter.com
cert = /etc/letsencrypt/live/eternalcenter.com/cert.pem
privkey = /etc/letsencrypt/live/eternalcenter.com/privkey.pem
chain = /etc/letsencrypt/live/eternalcenter.com/chain.pem
fullchain = /etc/letsencrypt/live/eternalcenter.com/fullchain.pem</code></pre>



<p>（补充：可以看出 Let&#8217;s Encrypt SSL 证书是在过期前 30 天才能更新）</p>



<h4>5.2 手动延期 Let&#8217;s Encrypt SSL 证书</h4>



<pre class="wp-block-code"><code># /usr/bin/certbot renew</code></pre>



<p>（补充：这里以延期 Let&#8217;s Encrypt SSL 证书为例）</p>



<h4>5.3 自动延期 Let&#8217;s Encrypt SSL 证书</h4>



<pre class="wp-block-code"><code># crontab -e</code></pre>



<p>添加以下内容：</p>



<pre class="wp-block-code"><code>......
0 0 */30 * * /usr/bin/certbot renew</code></pre>



<p>（补充：这里以每过 30 天的 0 时 0 分延期 Let&#8217;s Encrypt SSL 证书为例）</p>



<h4>步骤六：Let’s Encrypt SSL 证书的生成限制</h4>



<p>1) 一个域名申请次数不能超过 5 次/周<br>2) 允许申请失败次数不能超过 5 次/时<br>3) 属于同一个顶级域名的二级域名申请次数不能超过 20 次/周<br>4) 申请请求频率不能超过 20 次/秒<br>5) 一个 IP 地址创建用户个数不能超过 10 个/3 小时<br>6) 一个用户最多 pending 审核的数不能超过 300 个</p>
]]></content:encoded>
					
		
		
			</item>
		<item>
		<title>[工具] Shell 博客 WordPress 数据去隐私化</title>
		<link>./../shell-blog-wordpress-de-privacy/index.html</link>
		
		<dc:creator><![CDATA[Mingyu Zhu]]></dc:creator>
		<pubDate>Sat, 18 Dec 2021 16:12:50 +0000</pubDate>
				<category><![CDATA[Automation Maintenance (自动化运维)]]></category>
		<category><![CDATA[Chinese (中文)]]></category>
		<category><![CDATA[Languages (语言)]]></category>
		<category><![CDATA[Nginx]]></category>
		<category><![CDATA[Nginx Management (管理)]]></category>
		<category><![CDATA[Personal Website Building (个人网站建设)]]></category>
		<category><![CDATA[Project (项目)]]></category>
		<category><![CDATA[Services (服务)]]></category>
		<category><![CDATA[Shell]]></category>
		<category><![CDATA[Shell Backup (备份)]]></category>
		<category><![CDATA[Website Services (网站服务)]]></category>
		<guid isPermaLink="false">./../index.html?p=19868</guid>

					<description><![CDATA[介绍： 作者：朱明宇名称：Shell 博客 WordPress 数据去隐私化作用：修改 WordPress 备份中某个用户的密码并再次进行备份 使用方法：1. 在此脚本的分割线内写入相应的内容2. 给此脚本添加执行权限3. 执行此脚本 脚本分割线里的变量：1. path=/home/zhumingyu/EternalCenter #本地备份目录2. filename=eternalcenter-backup #本地备份文件3. cpath=&#8221;/srv/www/htdocs&#8221; #网站程序目录4. sqlfile=eternalcenter/eternalcenter.sql #网站数据库数据备份5. tarfile=eternalcenter/eternalcenter.tar.gz #网站网页数据备份6. newfilename=clone-eternalcenter-backup #新备份的文件名7. user=&#8217;Mingyu Zhu&#8217; #要修改密码的用户8. newpw=eternalcenter #新的用户密码9. dbuser=ec #用于连接数据库的用户10. dbuserpw=eternalcenter #用于连接数据库的密码11. db=ec #网站数据库数据在数据库中的库 注意：1. 本地需要已经搭建好 LNMP 平台2. 执行此脚本的用户需要有远程服务器的 sudo tar 和 sudo rm 权限3. 脚本 ”mysql -uroot -p&#8217;eternalcenter&#8217; -e &#8220;drop database $db;&#8221;“ 中 &#8230; <p class="link-more"><a href="./../shell-blog-wordpress-de-privacy/index.html" class="more-link">Continue reading<span class="screen-reader-text"> "[工具] Shell 博客 WordPress 数据去隐私化"</span></a></p>]]></description>
										<content:encoded><![CDATA[
<h2>介绍：</h2>



<p>作者：朱明宇<br>名称：Shell 博客 WordPress 数据去隐私化<br>作用：修改 WordPress 备份中某个用户的密码并再次进行备份</p>



<p>使用方法：<br>1. 在此脚本的分割线内写入相应的内容<br>2. 给此脚本添加执行权限<br>3. 执行此脚本</p>



<p>脚本分割线里的变量：<br>1. path=/home/zhumingyu/EternalCenter #本地备份目录<br>2. filename=eternalcenter-backup #本地备份文件<br>3. cpath=&#8221;/srv/www/htdocs&#8221; #网站程序目录<br>4. sqlfile=eternalcenter/eternalcenter.sql #网站数据库数据备份<br>5. tarfile=eternalcenter/eternalcenter.tar.gz #网站网页数据备份<br>6. newfilename=clone-eternalcenter-backup #新备份的文件名<br>7. user=&#8217;Mingyu Zhu&#8217; #要修改密码的用户<br>8. newpw=eternalcenter #新的用户密码<br>9. dbuser=ec #用于连接数据库的用户<br>10. dbuserpw=eternalcenter #用于连接数据库的密码<br>11. db=ec #网站数据库数据在数据库中的库</p>



<p>注意：<br>1. 本地需要已经搭建好 LNMP 平台<br>2. 执行此脚本的用户需要有远程服务器的 sudo tar 和 sudo rm 权限<br>3. 脚本 ”mysql -uroot -p&#8217;eternalcenter&#8217; -e &#8220;drop database $db;&#8221;“ 中 “eternalcenter“ 是指远程 MariaDB 数据库 root 用户的密码，需要修改成远程 MariaDB 数据库的 root 用户密码</p>



<h2>脚本：</h2>



<pre class="wp-block-code"><code>#!/bin/bash

####################### Separator ########################

path=/home/zhumingyu/EternalCenter
filename=eternalcenter-backup
cpath="/srv/www/htdocs"
sqlfile=eternalcenter/eternalcenter.sql
tarfile=eternalcenter/eternalcenter.tar.gz
newfilename=clone-eternalcenter-backup
user='Mingyu Zhu'
newpw=eternalcenter
dbuser=ec
dbuserpw=eternalcenter
db=ec

####################### Separator ########################

date=$(date +%Y-%m-%d-%H)
dir=`pwd`

sudo systemctl stop nginx
sudo systemctl stop php-fpm

mkdir -p $path/$newfilename-$date &amp;&gt; /dev/null

mysql -uroot -p'eternalcenter' -e "drop database $db;"
mysql -uroot -p'eternalcenter' -e "create database $db;"
mysql -uroot -e "create user \"$dbuser\"@\"localhost\" identified by \"$dbuserpw\";"
mysql -uroot -p'eternalcenter' -e "grant all privileges on $db.* to \"$dbuser\"@'localhost';"
mysql -uroot -p'eternalcenter' ec &lt; $sqlfile
mysql -uroot -p'eternalcenter' -e "update $db.ec_users set user_pass = md5(\'$newpw\') where user_login = \'$user\';"
sudo rm -rf $cpath/*
sudo tar -zxvf $tarfile -C $cpath &amp;&gt; /dev/null
cd $cpath
sudo sed -i "s/define('DB_PASSWORD', .*);/define('DB_PASSWORD', \'$dbuserpw\');/" wp-config.php

mysqldump -uroot -p'eternalcenter' $db &gt; $path/$newfilename-$date/$newfilename-$date.sql
sudo tar -zcvf $path/$newfilename-$date/$newfilename-$date.tar.gz .&#91;!.]* * &amp;&gt; /dev/null
cd $dir

sudo systemctl start nginx
sudo systemctl start php-fpm

cd $dir</code></pre>
]]></content:encoded>
					
		
		
			</item>
		<item>
		<title>[工具] Shell 将远程 LNMP 的网站数据库备份到本地</title>
		<link>./../shell-lnmp-backup/index.html</link>
		
		<dc:creator><![CDATA[Mingyu Zhu]]></dc:creator>
		<pubDate>Sat, 18 Dec 2021 14:48:32 +0000</pubDate>
				<category><![CDATA[Chinese (中文)]]></category>
		<category><![CDATA[Languages (语言)]]></category>
		<category><![CDATA[Nginx]]></category>
		<category><![CDATA[Nginx Management (管理)]]></category>
		<category><![CDATA[Services (服务)]]></category>
		<category><![CDATA[Shell]]></category>
		<category><![CDATA[Shell Backup (备份)]]></category>
		<category><![CDATA[Shell Tool (工具)]]></category>
		<category><![CDATA[Website Services (网站服务)]]></category>
		<guid isPermaLink="false">./../index.html?p=19861</guid>

					<description><![CDATA[介绍： 作者：朱明宇名称：将远程 LNMP 的网站数据库备份到本地作用：将远程 LNMP 的网站数据库备份到本地 使用方法：1. 在此脚本的分割线内写入相应的内容2. 给此脚本添加执行权限3. 执行此脚本 脚本分割线里的变量：1. path=/home/zhumingyu/EternalCenter #本地备份目录2. filename=eternalcenter-backup #本地备份文件3. key=&#8221;~/.ssh/eternalcenter&#8221; #本地备份本地私钥4. whost=&#8221;eternalcenter.com&#8221; #远程服务器5. wpath=&#8221;/usr/share/nginx/html&#8221; #远程服务器网站程序目录7. wcache=&#8221;/cache&#8221; #远程服务器临时备份目录 注意：1. 远程需要已经搭建好 LNMP 平台2. 用于远程服务器的用户，需要能免密钥 ssh 远程服务器，且对于本地用于本地数据的备份目录和远程服务器的目录拥有读和执行的权限3. 执行此脚本的用户需要有远程服务器的 sudo tar 权限4. 脚本 ”mysqldump -uroot -p&#8217;eternalcenter&#8217; ec &#62; $wcache/$filename-$date.sql“ 中 “eternalcenter“ 是指远程 MariaDB 数据库 root 用户的密码，需要修改成远程 MariaDB 数据库的 root 用户密码 脚本：]]></description>
										<content:encoded><![CDATA[
<h2>介绍：</h2>



<p>作者：朱明宇<br>名称：将远程 LNMP 的网站数据库备份到本地<br>作用：将远程 LNMP 的网站数据库备份到本地</p>



<p>使用方法：<br>1. 在此脚本的分割线内写入相应的内容<br>2. 给此脚本添加执行权限<br>3. 执行此脚本</p>



<p>脚本分割线里的变量：<br>1. path=/home/zhumingyu/EternalCenter #本地备份目录<br>2. filename=eternalcenter-backup #本地备份文件<br>3. key=&#8221;~/.ssh/eternalcenter&#8221; #本地备份本地私钥<br>4. whost=&#8221;eternalcenter.com&#8221; #远程服务器<br>5. wpath=&#8221;/usr/share/nginx/html&#8221; #远程服务器网站程序目录<br>7. wcache=&#8221;/cache&#8221; #远程服务器临时备份目录</p>



<p>注意：<br>1. 远程需要已经搭建好 LNMP 平台<br>2. 用于远程服务器的用户，需要能免密钥 ssh 远程服务器，且对于本地用于本地数据的备份目录和远程服务器的目录拥有读和执行的权限<br>3. 执行此脚本的用户需要有远程服务器的 sudo tar 权限<br>4. 脚本 ”mysqldump -uroot -p&#8217;eternalcenter&#8217; ec &gt; $wcache/$filename-$date.sql“ 中 “eternalcenter“ 是指远程 MariaDB 数据库 root 用户的密码，需要修改成远程 MariaDB 数据库的 root 用户密码</p>



<h2>脚本：</h2>



<pre class="wp-block-code"><code>#!/bin/bash

####################### Separator ########################

path=/home/zhumingyu/EternalCenter
filename=eternalcenter-backup
key="~/.ssh/eternalcenter"

whost="eternalcenter.com"
wpath="/usr/share/nginx/html"
wcache="/cache"

####################### Separator ########################

date=$(date +%Y-%m-%d-%H)

echo "copy eternalcenter data from website to local server"
ping -c3 -i0.4 $whost &gt; /dev/null
if &#91; $? -eq 0 ];then

        ssh -i $key $whost "
        mkdir $wcache &amp;&gt; /dev/null
        rm -rf $wcache/* &amp;&gt; /dev/null
        mysqldump -uroot -p'eternalcenter' ec &gt; $wcache/$filename-$date.sql
        cd $wpath
        sudo tar -zcvf $wcache/$filename-$date.tar.gz .&#91;!.]* * &amp;&gt; /dev/null
        "

        mkdir -p $path/$date &amp;&gt; /dev/null
        scp -i $key $whost:$wcache/$filename-$date* $path/$date

fi
echo</code></pre>
]]></content:encoded>
					
		
		
			</item>
		<item>
		<title>[工具] Shell 将同目录下最新的某个目录里的所有文件替换到 GitHub 库里 （Git LFS 版）</title>
		<link>./../shell-github-replace-git-lfs/index.html</link>
		
		<dc:creator><![CDATA[Mingyu Zhu]]></dc:creator>
		<pubDate>Sat, 18 Dec 2021 13:44:56 +0000</pubDate>
				<category><![CDATA[Chinese (中文)]]></category>
		<category><![CDATA[Git]]></category>
		<category><![CDATA[Languages (语言)]]></category>
		<category><![CDATA[Other Services (其他服务)]]></category>
		<category><![CDATA[Services (服务)]]></category>
		<category><![CDATA[Shell]]></category>
		<category><![CDATA[Shell Backup (备份)]]></category>
		<category><![CDATA[Shell Tool (工具)]]></category>
		<guid isPermaLink="false">./../index.html?p=19851</guid>

					<description><![CDATA[介绍： 作者：朱明宇名称：将同目录下最新的某个目录里的所有文件替换到 GitHub 库里作用：将同目录下最新的某个目录里的所有文件替换到 GitHub 库里 使用方法：1. 在此脚本的分割线内写入相应的内容2. 给此脚本添加执行权限3. 执行此脚本 脚本分割线里的变量：1. directory=download-eternalcenter #本地的缓冲目录2. gituser=mingyuzhu #GitHub 用户3. gitemail=mingyu.zhu@eternalcenter.com #GitHub 邮箱4. gitrepository=download-eternalcenter #GitHub 库5. gitbranch=’master’ #GitHub 库的分支6. backupfile=all #备份后的文件7. keyword=clone #同目录下要备份目录名称的关键字 注意：需要提前安装 git 和 git-lfs，注册 GitHub，创建相应的 GitHub 库，并且创建和设置了对应的 ssh 密钥 脚本：]]></description>
										<content:encoded><![CDATA[
<h2>介绍：</h2>



<p>作者：朱明宇<br>名称：将同目录下最新的某个目录里的所有文件替换到 GitHub 库里<br>作用：将同目录下最新的某个目录里的所有文件替换到 GitHub 库里</p>



<p>使用方法：<br>1. 在此脚本的分割线内写入相应的内容<br>2. 给此脚本添加执行权限<br>3. 执行此脚本</p>



<p>脚本分割线里的变量：<br>1. directory=download-eternalcenter #本地的缓冲目录<br>2. gituser=mingyuzhu #GitHub 用户<br>3. gitemail=mingyu.zhu@eternalcenter.com #GitHub 邮箱<br>4. gitrepository=download-eternalcenter #GitHub 库<br>5. gitbranch=’master’ #GitHub 库的分支<br>6. backupfile=all #备份后的文件<br>7. keyword=clone #同目录下要备份目录名称的关键字</p>



<p>注意：需要提前安装 git 和 git-lfs，注册 GitHub，创建相应的 GitHub 库，并且创建和设置了对应的 ssh 密钥</p>



<h2>脚本：</h2>



<pre class="wp-block-code"><code>#!/bin/bash

####################### Separator ########################

directory=download-eternalcenter
gituser=mingyuzhu
gitemail=mingyu.zhu@eternalcenter.com
gitrepository=download-eternalcenter
gitbranch='master'
backupfile=all
keyword=clone

####################### Separator ########################

backupdirectory=`ls -rtlh | grep $keyword | awk '{print $NF}' | tail -1`

sqlfile=`ls $backupdirectory | grep sql`
tarfile=`ls $backupdirectory | grep tar`

rm -rf $directory
mkdir -p $directory &amp;> /dev/null

echo $gituser
git config --global user.email "$gitemail"
git config --global user.name "$gituser"

rm -rf $directory
mkdir -p $directory &amp;> /dev/null
cd $directory
git init
git lfs install
git remote add origin git@github.com:$gituser/$gitrepository
git pull --rebase origin $gitbranch -f
git lfs track *
git filter-branch --force --index-filter 'git rm --cached --ignore-unmatch *' --prune-empty --tag-name-filter cat -- --all
git commit -m 'cleapup'
git push -u origin $gitbranch -f
rm -rf .git/refs/original/
git reflog expire --expire=now --all
git gc --prune=now
git gc --aggressive --prune=now

cd ..

rm -rf $directory
mkdir -p $directory &amp;> /dev/null
cd $directory
git init
git lfs install
git remote add origin git@github.com:$gituser/$gitrepository
git pull --rebase origin $gitbranch -f
git lfs track *
git rm *
git commit -m 'cleapup'

cd ../$backupdirectory/
tar -zcvf ../$directory/$backupfile.tar.gz *
cd ../$directory

git lfs track *
git add *
git status
git commit -m 'upload'
git push -u origin $gitbranch -f
cd ..</code></pre>
]]></content:encoded>
					
		
		
			</item>
		<item>
		<title>[工具] Shell 自动化部署 LNMP + SSL 平台 （Fedora 35 版）</title>
		<link>./../shell-lnmp-install-centos-8-2/index.html</link>
		
		<dc:creator><![CDATA[Mingyu Zhu]]></dc:creator>
		<pubDate>Sat, 18 Dec 2021 13:29:31 +0000</pubDate>
				<category><![CDATA[Chinese (中文)]]></category>
		<category><![CDATA[Languages (语言)]]></category>
		<category><![CDATA[Nginx]]></category>
		<category><![CDATA[Nginx Installation (安装)]]></category>
		<category><![CDATA[Services (服务)]]></category>
		<category><![CDATA[Shell]]></category>
		<category><![CDATA[Shell Deployment (部署)]]></category>
		<category><![CDATA[Shell Tool (工具)]]></category>
		<category><![CDATA[Shell Website (网站)]]></category>
		<category><![CDATA[Website Services (网站服务)]]></category>
		<guid isPermaLink="false">./../index.html?p=19844</guid>

					<description><![CDATA[介绍： 作者：朱明宇名称：自动化部署 LNMP + SSL 平台作用：自动化安装 LNMP + SSL，即通过 Linux、Nginx、MariaDB、PHP、php-fpm、SSL，实现 HTTPS 使用方法：1. 将网站的网页数据备份、网站的 SSL 公钥、网站的 SSL 私钥、网站的数据库备份和本脚本，5 个文件放在同一目录下2. 如果没有网站的数据库备份则将网页数据备份、网站的 SSL 公钥、网站的 SSL 私钥和本脚本，4 个文件放在同一目录下3. 在此脚本的分割线内写入相应的内容4. 服务器都要开启 SELinux5. 给此脚本添加执行权限6. 执行此脚本：./&#60;此脚本&#62; 脚本分割线里的变量：1. webdomain=”eternalcenter.com” #网站的域名，注意不要在前面加任何前缀2. webtar=”eternalcenter-backup-*.tar.gz”网站的网页数据备份，如果没有这个备份，可以下载一个开源的 WordPress 网页程序3. webcrt=”eternalcenter.com.crt” #网站 SSL 的公钥，可以自己创建也可以在 FreeSSL 上申请4. webkey=”eternalcenter.com.key” #网站 SSL 的私钥，可以自己创建也可以在 FreeSSL 上申请5. sqlbackup=”eternalcenter-backup-*.sql” #网站数据库数据备份，如果没有这个备份（数据库是全量备份），则这里可以为空6. db=”ec” #网站在数据库中库7. dbuser=”ec” #网站在数据库中的用户8. dbuserpw=”eternalcenter” #网站在数据库中的用户密码9. &#8230; <p class="link-more"><a href="./../shell-lnmp-install-centos-8-2/index.html" class="more-link">Continue reading<span class="screen-reader-text"> "[工具] Shell 自动化部署 LNMP + SSL 平台 （Fedora 35 版）"</span></a></p>]]></description>
										<content:encoded><![CDATA[
<h2>介绍：</h2>



<p>作者：朱明宇<br>名称：自动化部署 LNMP + SSL 平台<br>作用：自动化安装 LNMP + SSL，即通过 Linux、Nginx、MariaDB、PHP、php-fpm、SSL，实现 HTTPS</p>



<p>使用方法：<br>1. 将网站的网页数据备份、网站的 SSL 公钥、网站的 SSL 私钥、网站的数据库备份和本脚本，5 个文件放在同一目录下<br>2. 如果没有网站的数据库备份则将网页数据备份、网站的 SSL 公钥、网站的 SSL 私钥和本脚本，4 个文件放在同一目录下<br>3. 在此脚本的分割线内写入相应的内容<br>4. 服务器都要开启 SELinux<br>5. 给此脚本添加执行权限<br>6. 执行此脚本：./&lt;此脚本&gt;</p>



<p>脚本分割线里的变量：<br>1. webdomain=”eternalcenter.com” #网站的域名，注意不要在前面加任何前缀<br>2. webtar=”eternalcenter-backup-*.tar.gz”网站的网页数据备份，如果没有这个备份，可以下载一个开源的 WordPress 网页程序<br>3. webcrt=”eternalcenter.com.crt” #网站 SSL 的公钥，可以自己创建也可以在 FreeSSL 上申请<br>4. webkey=”eternalcenter.com.key” #网站 SSL 的私钥，可以自己创建也可以在 FreeSSL 上申请<br>5. sqlbackup=”eternalcenter-backup-*.sql” #网站数据库数据备份，如果没有这个备份（数据库是全量备份），则这里可以为空<br>6. db=”ec” #网站在数据库中库<br>7. dbuser=”ec” #网站在数据库中的用户<br>8. dbuserpw=”eternalcenter” #网站在数据库中的用户密码<br>9. dbrootpw=”eternalcenter” #数据库的 root 密码</p>



<p>注意：<br>1. 服务器的系统需要是 Fedora 35 版本<br>2. 服务器系统要配置好可用的软件源<br>3. 服务器要能够连接外网</p>



<h2>脚本：</h2>



<pre class="wp-block-code"><code>#!/bin/bash

####################### Separator ########################
webdomain="eternalcenter.com"
webtar="eternalcenter-backup-*.tar.gz"
webcrt="eternalcenter.com.crt"
webkey="eternalcenter.com.key"
sqlbackup="eternalcenter-backup-*.sql"
db="ec"
dbuser="ec"
dbuserpw="eternalcenter"
dbrootpw="eternalcenter"
####################### Separator ########################

#Determine whether SELinux is on
getenforce | grep Enforcing
if &#91; $? -ne 0 ];then
	echo "SELinux is not set to enforcing mode and cannot continue"
	exit 2
fi

#Determine whether the required file exists
ls $webtar
if &#91; $? -ne 0 ];then
	echo "No web page data backup, unable to continue"
	exit 2
fi

ls $webcrt
if &#91; $? -ne 0 ];then
	echo "Cannot continue without site public key"
	exit 2
fi

ls $webkey
if &#91; $? -ne 0 ];then
	echo "Unable to continue without site private key"
	exit 2
fi

#Update system
yum clean all
yum repolist
yum makecache
yum -y update

#Make sure the required software is installed
yum -y install tar
yum -y install firewalld

#Deploying Nginx
yum -y install nginx

echo 'worker_processes  1;

events {
    worker_connections  1024;
}

http {
    limit_req_zone $binary_remote_addr zone=one:10m rate=1r/s;
    include       mime.types;
    default_type  application/octet-stream;

    sendfile        on;

    keepalive_timeout  60;
    client_body_timeout 20s;
    client_header_timeout 10s;
    send_timeout 30s;

    server {
        listen       80;
        limit_req zone=one burst=5;
        server_name www.eternalcenter.com eternalcenter.com;

        rewrite ^/(.*)$ ./../$1/index.html permanent;
      
        error_page   500 502 503 504  /50x.html;
        location = /50x.html {
            root   html;
        }

        }

    server {
        listen       443 ssl;
        server_name www.eternalcenter.com eternalcenter.com;

        if ($request_method !~ ^(GET|POST)$){
        return 444;
        }

        ssl_certificate      /etc/nginx/ssl/eternalcenter.com.crt;
        ssl_certificate_key  /etc/nginx/ssl/eternalcenter.com.key;

        ssl_session_cache    shared:SSL:1m;
        ssl_session_timeout  5m;

        ssl_ciphers  HIGH:!aNULL:!MD5;
        ssl_prefer_server_ciphers  on;

        location ~ \.php$ {
            fastcgi_pass 127.0.0.1:9000;
            fastcgi_index index.php;
            include fastcgi.conf;
            fastcgi_param  SCRIPT_FILENAME  /usr/share/nginx/html/$fastcgi_script_name;
            include fastcgi_params;
        } 

        location / {
        root html;
        index index.php index.html index.htm;

        if (-f $request_filename/index.html){rewrite (.) $1/index.html break;}
        if (-f $request_filename/index.php){rewrite (.) $1/index.php;}
        if (!-f $request_filename){rewrite (.) /index.php;}
        
        }

        location ~ ^/\.user\.ini {
        deny all;
        }
    
        location ~*\.(jpd|jpeg|gif|png|css|js|ico|xml)$ {
        expires 30d;
        }

        error_page  404              /404.html;

        }

        gzip on;
	gzip_min_length 1000;
	gzip_comp_level 4;
	gzip_types text/plain test/css application/json application/x-javascript text/xml application/xml
	application/xml+rss text/javascripts;

	client_header_buffer_size 1k;
	large_client_header_buffers 4 4k;

	open_file_cache max=2000 inactive=20s;
	open_file_cache_valid  60s;
	open_file_cache_min_uses 5;
	open_file_cache_errors off;

}' > /etc/nginx/nginx.conf

sed -i "s/server_name www.eternalcenter.com eternalcenter.com;/server_name www.$webdomain $webdomain;/" /etc/nginx/nginx.conf
sed -i "s@rewrite ^/(.*)$ ./../\$1/index.html permanent@rewrite ^/(.*)$ https://$webdomain/\$1 permanent@" /etc/nginx/nginx.conf;
sed -i "s/eternalcenter.com.crt/$webcrt/" /etc/nginx/nginx.conf
sed -i "s/eternalcenter.com.key/$webkey/" /etc/nginx/nginx.conf

mkdir /etc/nginx/ssl
mv $webcrt /etc/nginx/ssl
mv $webkey /etc/nginx/ssl
chcon -t httpd_config_t /etc/nginx/ssl/$webcrt
chcon -t httpd_config_t /etc/nginx/ssl/$webkey
chcon -t httpd_config_t /etc/nginx/ssl/

rm -rf /usr/share/nginx/html/*
tar -xvf $webtar -C /usr/share/nginx/html/ &amp;&amp; rm -rf $webtar
chcon -t httpd_sys_content_t -R /usr/share/nginx/html/*

yum -y install sendmail
yum -y install policycoreutils
setsebool -P httpd_can_network_connect 1
setsebool -P httpd_can_network_connect_db 1
setsebool -P httpd_can_sendmail 1
setsebool -P httpd_can_connect_ftp 1
setsebool -P httpd_unified 1
setsebool -P httpd_enable_cgi 1
setsebool -P httpd_builtin_scripting 1
setsebool -P mysql_connect_http 1

systemctl start nginx
systemctl enable nginx

#Deploy MariaDB
yum -y install mariadb mariadb-server

grep "^log_bin=" /etc/my.cnf.d/mariadb-server.cnf
if &#91; $? -ne 0 ];then
	sed -i '/^datadir/a log_bin=ec' /etc/my.cnf.d/mariadb-server.cnf
fi

grep "^binlog_format=" /etc/my.cnf.d/mariadb-server.cnf
if &#91; $? -ne 0 ];then
	sed -i '/^datadir/a binlog_format=\"mixed\"' /etc/my.cnf.d/mariadb-server.cnf
fi

grep "^server_id=" /etc/my.cnf.d/mariadb-server.cnf
if &#91; $? -ne 0 ];then
	sed -i '/^datadir/a server_id=51' /etc/my.cnf.d/mariadb-server.cnf
fi

sed -i 's/^plugin-load-add=auth_gssapi.so/#plugin-load-add=auth_gssapi.so/' /etc/my.cnf.d/auth_gssapi.cnf

sed -i '/^user=.*/d' /etc/my.cnf.d/mariadb-server.cnf
sed -i "/\&#91;mysqld\]/a user=mysql" /etc/my.cnf.d/mariadb-server.cnf

sed -i '/^bind-address=.*/d' /etc/my.cnf.d/mariadb-server.cnf
sed -i "/\&#91;mysqld\]/a bind-address=127.0.0.1" /etc/my.cnf.d/mariadb-server.cnf

chown -R mysql /var/lib/mysql

systemctl start mariadb
systemctl enable mariadb

ls $sqlbackup
if &#91; $? -ne 0 ];then
        mysql -uroot -e "create database $db;"
        mysql -uroot -e "create user \"$dbuser\"@\"localhost\" identified by \"$dbuserpw\";"
        mysql -uroot -e "grant all privileges on $db.* to \"$dbuser\"@\"localhost\" identified by \"$dbuserpw\";"
        mysql -uroot -e "set password for 'root'@'localhost'=password(\"$dbrootpw\")"
else
        mysql -uroot -e "create database $db;"
        mysql -uroot $db &lt; $sqlbackup
	mysql -uroot -e "create user \"$dbuser\"@\"localhost\" identified by \"$dbuserpw\";"
	mysql -uroot -e "grant all privileges on $db.* to \"$dbuser\"@\"localhost\" identified by \"$dbuserpw\";"
	mysql -uroot -e "set password for 'root'@'localhost'=password(\"$dbrootpw\")"
	rm -rf $sqlbackup
fi
	
systemctl restart mariadb

#Deploy PHP
yum -y install php php-fpm php-mysqlnd php-gd php-mbstring php-opcache php-json php-xml php-xmlrpc php-pecl-zip php-pecl-imagick
useradd php-fpm -s /sbin/nologin
chown -R php-fpm:php-fpm /usr/share/nginx/html/*

sed -i /"^user =.*"/d /etc/php-fpm.conf
sed -i /"^group =.*"/d /etc/php-fpm.conf
sed -i /"^listen =.*"/d /etc/php-fpm.conf
sed -i /"^&#91;www]"/d /etc/php-fpm.conf
sed -i /"^pm = .*"/d /etc/php-fpm.conf
sed -i /"^pm.start_servers = .*"/d /etc/php-fpm.conf
sed -i /"^pm.min_spare_servers = .*"/d /etc/php-fpm.conf
sed -i /"^pm.max_spare_servers = .*"/d /etc/php-fpm.conf
sed -i /"^pm.max_children = .*"/d /etc/php-fpm.conf
sed -i /"^pm.max_requests = .*"/d /etc/php-fpm.conf
sed -i /"^request_terminate_timeout = .*"/d /etc/php-fpm.conf

echo '&#91;www]' >> /etc/php-fpm.conf
echo 'user = php-fpm' >> /etc/php-fpm.conf
echo 'group = php-fpm' >> /etc/php-fpm.conf
echo 'listen = 127.0.0.1:9000' >> /etc/php-fpm.conf
echo 'pm = dynamic' >> /etc/php-fpm.conf
echo 'pm.start_servers = 2' >> /etc/php-fpm.conf
echo 'pm.min_spare_servers = 2' >> /etc/php-fpm.conf
echo 'pm.max_spare_servers = 4' >> /etc/php-fpm.conf
echo 'pm.max_children = 4' >> /etc/php-fpm.conf
echo 'pm.max_requests = 1024' >> /etc/php-fpm.conf
echo 'request_terminate_timeout = 300' >> /etc/php-fpm.conf

systemctl start php-fpm
systemctl enable php-fpm

#Improve system performance
grep "^* soft nofile" /etc/security/limits.conf
if &#91; $? -ne 0 ];then
	echo '* soft nofile 1024' >> /etc/security/limits.conf
fi

grep "^* hard nofile" /etc/security/limits.conf
if &#91; $? -ne 0 ];then
	echo '* hard nofile 1024' >> /etc/security/limits.conf
fi

#Open firewall
systemctl start firewalld
systemctl enable firewalld
firewall-cmd --add-service=http --permanent
firewall-cmd --add-service=https --permanent
firewall-cmd --reload

#Limit log space
yum -y install rsyslog
systemctl enable --now rsyslog

echo "/var/log/mariadb/mariadb.log {
        create 600 mysql mysql
        notifempty
	daily
        rotate 3
        missingok
        compress
    postrotate
	# just if mysqld is really running
        if &#91; -e /run/mariadb/mariadb.pid ]
        then
           kill -1 $(&lt;/run/mariadb/mariadb.pid)
        fi
    endscript
}" > /etc/logrotate.d/mariadb

echo "/var/log/nginx/*log {
    create 0664 nginx root
    size 1024M
    rotate 1
    missingok
    notifempty
    compress
    sharedscripts
    postrotate
        /bin/kill -USR1 `cat /run/nginx.pid 2>/dev/null` 2>/dev/null || true
    endscript
}" > /etc/logrotate.d/nginx

echo "/var/log/php-fpm/*log {
    size 100M
    rotate 1
    missingok
    notifempty
    sharedscripts
    delaycompress
    postrotate
        /bin/kill -SIGUSR1 `cat /run/php-fpm/php-fpm.pid 2>/dev/null` 2>/dev/null || true
    endscript
}" > /etc/logrotate.d/php-fpm

echo "/var/log/cron
/var/log/maillog
/var/log/messages
/var/log/secure
/var/log/spooler
{
    size 100M
    rotate 1
    missingok
    sharedscripts
    postrotate
        /usr/bin/systemctl kill -s HUP rsyslog.service >/dev/null 2>&amp;1 || true
    endscript
}" > /etc/logrotate.d/rsyslog

#Delete this script
scriptwhere=`readlink -f "$0"`
rm -rf $scriptwhere

#Restart the system
reboot</code></pre>
]]></content:encoded>
					
		
		
			</item>
		<item>
		<title>[工具] Shell 将同目录下最新的某个目录里的所有文件替换到 GitHub 库里</title>
		<link>./../shell-github-replace/index.html</link>
		
		<dc:creator><![CDATA[Mingyu Zhu]]></dc:creator>
		<pubDate>Sat, 18 Dec 2021 13:11:35 +0000</pubDate>
				<category><![CDATA[Chinese (中文)]]></category>
		<category><![CDATA[Git]]></category>
		<category><![CDATA[Languages (语言)]]></category>
		<category><![CDATA[Other Services (其他服务)]]></category>
		<category><![CDATA[Services (服务)]]></category>
		<category><![CDATA[Shell]]></category>
		<category><![CDATA[Shell Backup (备份)]]></category>
		<category><![CDATA[Shell Tool (工具)]]></category>
		<guid isPermaLink="false">./../index.html?p=19836</guid>

					<description><![CDATA[介绍： 作者：朱明宇名称：将同目录下最新的某个目录里的所有文件替换到 GitHub 库里作用：将同目录下最新的某个目录里的所有文件替换到 GitHub 库里 使用方法：1. 在此脚本的分割线内写入相应的内容2. 给此脚本添加执行权限3. 执行此脚本 脚本分割线里的变量：1. directory=download-eternalcenter #本地的缓冲目录2. gituser=mingyuzhu #GitHub 用户3. gitemail=mingyu.zhu@eternalcenter.com #GitHub 邮箱4. gitrepository=download-eternalcenter #GitHub 库5. gitbranch=’master’ #GitHub 库的分支6. backupfile=all #备份后的文件7. keyword=clone #同目录下要备份目录名称的关键字 注意：需要提前安装 git，注册 GitHub，创建相应的 GitHub 库，并且创建和设置了对应的 ssh 密钥 脚本：]]></description>
										<content:encoded><![CDATA[
<h2>介绍：</h2>



<p>作者：朱明宇<br>名称：将同目录下最新的某个目录里的所有文件替换到 GitHub 库里<br>作用：将同目录下最新的某个目录里的所有文件替换到 GitHub 库里</p>



<p>使用方法：<br>1. 在此脚本的分割线内写入相应的内容<br>2. 给此脚本添加执行权限<br>3. 执行此脚本</p>



<p>脚本分割线里的变量：<br>1. directory=download-eternalcenter #本地的缓冲目录<br>2. gituser=mingyuzhu #GitHub 用户<br>3. gitemail=mingyu.zhu@eternalcenter.com #GitHub 邮箱<br>4. gitrepository=download-eternalcenter #GitHub 库<br>5. gitbranch=’master’ #GitHub 库的分支<br>6. backupfile=all #备份后的文件<br>7. keyword=clone #同目录下要备份目录名称的关键字</p>



<p>注意：需要提前安装 git，注册 GitHub，创建相应的 GitHub 库，并且创建和设置了对应的 ssh 密钥</p>



<h2>脚本：</h2>



<pre class="wp-block-code"><code>#!/bin/bash

####################### Separator ########################

directory=download-eternalcenter
gituser=mingyuzhu
gitemail=mingyu.zhu@eternalcenter.com
gitrepository=download-eternalcenter
gitbranch='master'
backupfile=all
keyword=clone

####################### Separator ########################

backupdirectory=`ls -rtlh | grep $keyword | awk '{print $NF}' | tail -1`

sqlfile=`ls $backupdirectory | grep sql`
tarfile=`ls $backupdirectory | grep tar`

rm -rf $directory
mkdir -p $directory &amp;> /dev/null

echo $gituser
git config --global user.email "$gitemail"
git config --global user.name "$gituser"

rm -rf $directory
mkdir -p $directory &amp;> /dev/null
cd $directory
git init
git remote add origin git@github.com:$gituser/$gitrepository
git pull --rebase origin $gitbranch -f
git filter-branch --force --index-filter 'git rm --cached --ignore-unmatch *' --prune-empty --tag-name-filter cat -- --all
git commit -m 'cleapup'
git push -u origin $gitbranch -f
rm -rf .git/refs/original/
git reflog expire --expire=now --all
git gc --prune=now
git gc --aggressive --prune=now

cd ..

rm -rf $directory
mkdir -p $directory &amp;> /dev/null
cd $directory
git init
git remote add origin git@github.com:$gituser/$gitrepository
git pull --rebase origin $gitbranch -f
git rm *
git commit -m 'cleapup'

cd ../$backupdirectory/
tar -zcvf ../$directory/$backupfile.tar.gz *
cd ../$directory

git add *
git status
git commit -m 'upload'
git push -u origin $gitbranch -f
cd ..</code></pre>
]]></content:encoded>
					
		
		
			</item>
		<item>
		<title>[功能] HTML 下载链接</title>
		<link>./../%e5%8a%9f%e8%83%bd-html-%e4%b8%8b%e8%bd%bd%e9%93%be%e6%8e%a5/index.html</link>
		
		<dc:creator><![CDATA[Mingyu Zhu]]></dc:creator>
		<pubDate>Sun, 12 Dec 2021 14:05:45 +0000</pubDate>
				<category><![CDATA[Chinese (中文)]]></category>
		<category><![CDATA[HTML]]></category>
		<category><![CDATA[Languages (语言)]]></category>
		<guid isPermaLink="false">./../index.html?p=19784</guid>

					<description><![CDATA[（补充：这里以下载和此 html 文件在同目录下的 eternalcenter-2021.txt 文件，且下载命名为 eternalcenter.txt 为例）]]></description>
										<content:encoded><![CDATA[
<pre class="wp-block-code"><code>&lt;html&gt;
&lt;body&gt;
&lt;a href="eternalcenter-2021.txt" download="eternalcenter.txt"&gt;Download test.txt&lt;/a&gt;
&lt;/body&gt;
&lt;/html&gt;</code></pre>



<p>（补充：这里以下载和此 html 文件在同目录下的 eternalcenter-2021.txt 文件，且下载命名为 eternalcenter.txt 为例）</p>
]]></content:encoded>
					
		
		
			</item>
		<item>
		<title>[工具] Shell 将远程服务器的 LNMP 备份在本地复原</title>
		<link>./../shell-remote-lnmp-restore/index.html</link>
		
		<dc:creator><![CDATA[Mingyu Zhu]]></dc:creator>
		<pubDate>Fri, 10 Dec 2021 15:05:51 +0000</pubDate>
				<category><![CDATA[Chinese (中文)]]></category>
		<category><![CDATA[Languages (语言)]]></category>
		<category><![CDATA[Nginx]]></category>
		<category><![CDATA[Nginx Management (管理)]]></category>
		<category><![CDATA[Services (服务)]]></category>
		<category><![CDATA[Shell]]></category>
		<category><![CDATA[Shell Backup (备份)]]></category>
		<category><![CDATA[Shell Deployment (部署)]]></category>
		<category><![CDATA[Shell Tool (工具)]]></category>
		<category><![CDATA[Shell Website (网站)]]></category>
		<category><![CDATA[Website Services (网站服务)]]></category>
		<guid isPermaLink="false">./../index.html?p=19609</guid>

					<description><![CDATA[介绍： 作者：朱明宇名称：将远程服务器的 LNMP 备份还原到本地作用：将远程服务器的 LNMP 备份还原到本地 使用方法：1. 在此脚本的分割线内写入相应的内容2. 给此脚本添加执行权限3. 执行此脚本 脚本分割线里的变量：1. tmppath=/cache #本地用于备份数据的目录2. webpath=/usr/share/nginx/html #本地用于存放网站文件的目录3. key=”~/.ssh/eternalcenter” #本地私钥4. tmpfile=tmpfile.txt #用于存储记录的文件5. dbuser=ec #网站在数据库中的用户6. ruser=eternalcenter #用于远程服务器的用户7. rhost=eternalcenter.com #远程服务器8. rcache=”/cache” #远程服务器用于备份数据的目录 注意：1. 本地需要已经搭建好 LNMP 平台2. 用于远程服务器的用户，需要能免密钥 ssh 远程服务器，且对于本地用于备份数据的目录和远程服务器用于备份数据的目录拥有读和执行的权限3. 执行此脚本的用户需要有 sudo systemctl 权限4. 脚本 ”mysql -uroot -p&#8217;eternalcenter&#8217; ec &#60; $sqlfile“ 中 “eternalcenter“ 是指本地 MariaDB 数据库 root 用户的密码，需要修改成本地 MariaDB 数据库的 root &#8230; <p class="link-more"><a href="./../shell-remote-lnmp-restore/index.html" class="more-link">Continue reading<span class="screen-reader-text"> "[工具] Shell 将远程服务器的 LNMP 备份在本地复原"</span></a></p>]]></description>
										<content:encoded><![CDATA[
<h2>介绍：</h2>



<p>作者：朱明宇<br>名称：将远程服务器的 LNMP 备份还原到本地<br>作用：将远程服务器的 LNMP 备份还原到本地</p>



<p>使用方法：<br>1. 在此脚本的分割线内写入相应的内容<br>2. 给此脚本添加执行权限<br>3. 执行此脚本</p>



<p>脚本分割线里的变量：<br>1. tmppath=/cache #本地用于备份数据的目录<br>2. webpath=/usr/share/nginx/html #本地用于存放网站文件的目录<br>3. key=”~/.ssh/eternalcenter” #本地私钥<br>4. tmpfile=tmpfile.txt #用于存储记录的文件<br>5. dbuser=ec #网站在数据库中的用户<br>6. ruser=eternalcenter #用于远程服务器的用户<br>7. rhost=eternalcenter.com #远程服务器<br>8. rcache=”/cache” #远程服务器用于备份数据的目录</p>



<p>注意：<br>1. 本地需要已经搭建好 LNMP 平台<br>2. 用于远程服务器的用户，需要能免密钥 ssh 远程服务器，且对于本地用于备份数据的目录和远程服务器用于备份数据的目录拥有读和执行的权限<br>3. 执行此脚本的用户需要有 sudo systemctl 权限<br>4. 脚本 ”mysql -uroot -p&#8217;eternalcenter&#8217; ec &lt; $sqlfile“ 中 “eternalcenter“ 是指本地 MariaDB 数据库 root 用户的密码，需要修改成本地 MariaDB 数据库的 root 用户密码</p>



<h2>脚本：</h2>



<pre class="wp-block-code"><code>#!/bin/bash

####################### Separator ########################

tmppath=/cache
webpath=/usr/share/nginx/html
key="~/.ssh/eternalcenter"
tmpfile=tmpfile.txt
dbuser=ec

ruser=eternalcenter
rhost=eternalcenter.com
rcache="/cache"

####################### Separator ########################

nowdirectory=`pwd`

a=`ssh -i $key $ruser@$rhost "du -s $rcache" | awk '{print $1}'`
sleep 10
b=`ssh -i $key $ruser@$rhost "du -s $rcache" | awk '{print $1}'`

if &#91; $a -eq 0 ];then
	echo "no file"
fi

if &#91; $a -ne $b ];then
        echo "backup is running now"
        exit
fi

c=0

if &#91; -f $tmpfile ];then
        c=`cat $tmpfile`
fi

if &#91; $a -eq $c ];then
        echo "no new file"
        exit
fi

echo $a &gt; $tmpfile

sqlfile=`ssh -i $key $ruser@$rhost "ls -rtlh $rcache | grep sql | tail -1" | awk '{print $NF}'`
if &#91; $? -eq 0 ]; then

        tarfile=`ssh -i $key $ruser@$rhost "ls -rtlh $rcache | grep tar | tail -1" | awk '{print $NF}'`
        if &#91; $? -eq 0 ]; then

                rm -rf $tmppath/*
                mkdir $tmppatch &amp;&gt; /dev/null

                echo $sqlfile
                echo $tarfile

                scp -i $key $ruser@$rhost:$rcache/$sqlfile $tmppath
                scp -i $key $ruser@$rhost:$rcache/$tarfile $tmppath

#                sudo systemctl stop nginx
#                sudo systemctl stop php-fpm

                cd $tmppath

                mysql -uroot -p'eternalcenter' -e "drop database $dbuser;"
                mysql -uroot -p'eternalcenter' -e "create database $dbuser;"
                mysql -uroot -p'eternalcenter' -e "grant all privileges on $dbuser.* to \"$dbuser\"@\"localhost\";"
                mysql -uroot -p'eternalcenter' ec &lt; $sqlfile

                sudo rm -rf $webpath/*
                sudo tar -zxvf $tarfile -C $webpath/ &amp;&gt; /dev/null

#                sudo systemctl start nginx
#                sudo systemctl start php-fpm

                cd $nowdirectory

        fi
fi</code></pre>
]]></content:encoded>
					
		
		
			</item>
		<item>
		<title>[工具] Shell LNMP 没运行则重启系统 （systemctl 版）</title>
		<link>./../shell-lnmp-check-restart-systemctl/index.html</link>
		
		<dc:creator><![CDATA[Mingyu Zhu]]></dc:creator>
		<pubDate>Fri, 10 Dec 2021 14:26:19 +0000</pubDate>
				<category><![CDATA[Chinese (中文)]]></category>
		<category><![CDATA[Languages (语言)]]></category>
		<category><![CDATA[Nginx]]></category>
		<category><![CDATA[Nginx Monitor (监控)]]></category>
		<category><![CDATA[Services (服务)]]></category>
		<category><![CDATA[Shell]]></category>
		<category><![CDATA[Shell Monitor (监控)]]></category>
		<category><![CDATA[Shell Tool (工具)]]></category>
		<category><![CDATA[Website Services (网站服务)]]></category>
		<guid isPermaLink="false">./../index.html?p=19607</guid>

					<description><![CDATA[介绍： 作者：朱明宇名称：LNMP 没运行则重启系统作用：LNMP 没运行则重启系统 使用方法：1. 在此脚本的分割线内写入相应的内容2. 给此脚本添加执行权限3. 执行此脚本 脚本：]]></description>
										<content:encoded><![CDATA[
<h2>介绍：</h2>



<p>作者：朱明宇<br>名称：LNMP 没运行则重启系统<br>作用：LNMP 没运行则重启系统</p>



<p>使用方法：<br>1. 在此脚本的分割线内写入相应的内容<br>2. 给此脚本添加执行权限<br>3. 执行此脚本</p>



<h2>脚本：</h2>



<pre class="wp-block-code"><code>#!/bin/bash
  
systemctl status nginx | grep 'active (running)'
if &#91; $? -ne 0 ];then
        /usr/sbin/reboot
fi

systemctl status mariadb | grep 'active (running)'
if &#91; $? -ne 0 ];then
        /usr/sbin/reboot
fi

systemctl status php-fpm | grep 'active (running)'
if &#91; $? -ne 0 ];then
        /usr/sbin/reboot
fi</code></pre>
]]></content:encoded>
					
		
		
			</item>
		<item>
		<title>[命令] Linux 命令 ssh （远程登录）</title>
		<link>./../ssh/index.html</link>
		
		<dc:creator><![CDATA[Mingyu Zhu]]></dc:creator>
		<pubDate>Fri, 26 Nov 2021 15:56:06 +0000</pubDate>
				<category><![CDATA[Chinese (中文)]]></category>
		<category><![CDATA[System (系统)]]></category>
		<category><![CDATA[System Login Security (系统登录安全)]]></category>
		<category><![CDATA[System Network & System Security & System Log (系统网络 & 系统安全 & 系统日志)]]></category>
		<category><![CDATA[System Operation (系统操作)]]></category>
		<category><![CDATA[System Operation & System Setting & System Software (系统操作 & 系统设置 & 系统软件)]]></category>
		<category><![CDATA[System Security (系统安全)]]></category>
		<guid isPermaLink="false">./../index.html?p=19146</guid>

					<description><![CDATA[案例一：脚本中常用的方式 （补充：这里以1) 安静模式2) 打开新端口的模式3) 不检查服务器记录4) 超时时间为 5 秒5) 通过 eternalcenter 用户6) 登录 eternalcenter.com 服务器为例） 案例二：在操作中常用的方式 （补充：这里以1) 带图形的模式2) 通过 eternalcenter 用户3) 登录 eternalcenter.com 服务器为例）]]></description>
										<content:encoded><![CDATA[
<h2>案例一：脚本中常用的方式</h2>



<pre class="wp-block-code"><code># ssh -q -t -t -o StrictHostKeyChecking=no -o ConnectTimeout=5 -l eternalcenter eternalcenter.com</code></pre>



<p>（<br>补充：这里以<br>1) 安静模式<br>2) 打开新端口的模式<br>3) 不检查服务器记录<br>4) 超时时间为 5 秒<br>5) 通过 eternalcenter 用户<br>6) 登录 eternalcenter.com 服务器<br>为例<br>）</p>



<h2>案例二：在操作中常用的方式</h2>



<pre class="wp-block-code"><code># ssh -X eternalcenter@eternalcenter.com</code></pre>



<p>（<br>补充：这里以<br>1) 带图形的模式<br>2) 通过 eternalcenter 用户<br>3) 登录 eternalcenter.com 服务器<br>为例<br>）</p>
]]></content:encoded>
					
		
		
			</item>
		<item>
		<title>[命令] Linux 命令 uniq （文件里字符重复的管理）</title>
		<link>./../uniq/index.html</link>
		
		<dc:creator><![CDATA[Mingyu Zhu]]></dc:creator>
		<pubDate>Fri, 26 Nov 2021 14:17:52 +0000</pubDate>
				<category><![CDATA[Chinese (中文)]]></category>
		<category><![CDATA[System (系统)]]></category>
		<category><![CDATA[System File (系统文件)]]></category>
		<category><![CDATA[System Operation (系统操作)]]></category>
		<category><![CDATA[System Operation & System Setting & System Software (系统操作 & 系统设置 & 系统软件)]]></category>
		<category><![CDATA[System Storage & System Directory & System File (系统存储 & 系统目录 & 系统文件)]]></category>
		<guid isPermaLink="false">./../index.html?p=19136</guid>

					<description><![CDATA[案例一：uniq 命令去重 （补充：这里以给 test.txt 文件里的字符为例） 案例二：uniq 只显示重复的行 （补充：这里以只显示 test.txt 文件里重复的行为例） 案例三：uniq 只显示不重复的行 （补充：这里以只显示 test.txt 文件里不重复的行为例） 案例四：显示每个字符出现的次数 （补充：这里以显示 test.txt 每个字符出现的次数为例）]]></description>
										<content:encoded><![CDATA[
<h4>案例一：uniq 命令去重</h4>



<pre class="wp-block-code"><code># cat test.txt 
a1
b2
c3
a1
d2
e3
a1
c3

# sort test.txt  | uniq
a1
b2
c3
d2
e3</code></pre>



<p>（补充：这里以给 test.txt 文件里的字符为例）</p>



<h4>案例二：uniq 只显示重复的行</h4>



<pre class="wp-block-code"><code># cat test.txt 
a1
b2
c3
a1
d2
e3
a1
c3

# sort test.txt  | uniq -d
a1
c3</code></pre>



<p>（补充：这里以只显示 test.txt 文件里重复的行为例）</p>



<h4>案例三：uniq 只显示不重复的行</h4>



<pre class="wp-block-code"><code># cat test.txt 
a1
b2
c3
a1
d2
e3
a1
c3

# sort test.txt  | uniq -u
b2
d2
e3</code></pre>



<p>（补充：这里以只显示 test.txt 文件里不重复的行为例）</p>



<h4>案例四：显示每个字符出现的次数</h4>



<pre class="wp-block-code"><code># cat test.txt 
a1
b2
c3
a1
d2
e3
a1
c3

# sort test.txt  | uniq -c
      3 a1
      1 b2
      2 c3
      1 d2
      1 e3</code></pre>



<p>（补充：这里以显示 test.txt 每个字符出现的次数为例）</p>
]]></content:encoded>
					
		
		
			</item>
		<item>
		<title>[步骤] Linux 加密压缩 （tar 版）</title>
		<link>./../encryption-compression-tar/index.html</link>
		
		<dc:creator><![CDATA[Mingyu Zhu]]></dc:creator>
		<pubDate>Mon, 15 Nov 2021 15:52:52 +0000</pubDate>
				<category><![CDATA[Chinese (中文)]]></category>
		<category><![CDATA[System (系统)]]></category>
		<category><![CDATA[System Directory (系统目录)]]></category>
		<category><![CDATA[System File (系统文件)]]></category>
		<category><![CDATA[System File Security (系统文件安全)]]></category>
		<category><![CDATA[System Network & System Security & System Log (系统网络 & 系统安全 & 系统日志)]]></category>
		<category><![CDATA[System Security (系统安全)]]></category>
		<category><![CDATA[System Storage (系统存储)]]></category>
		<category><![CDATA[System Storage & System Directory & System File (系统存储 & 系统目录 & 系统文件)]]></category>
		<guid isPermaLink="false">./../index.html?p=18392</guid>

					<description><![CDATA[步骤一：创建测试文件 （补充：这里以创建 test.txt 文件为例） 步骤二：加密压缩文件或目录2.1 交互式加密压缩文件或目录 （补充：1) 这里以将 test.txt 文件加密压缩成 test1.tar.gz （压缩）包为例2) 如果要以 bzip2 的格式进行压缩，则将命令中的 -zcf 换成 -jcvf 将 test1.tar.gz 换成 test1.tar.bz23) 如果要以 xz 的格式进行压缩，则将命令中的 -zcf 换成 -Jcvf 将 test1.tar.gz 换成 test1.tar.xz） 2.2 非交互式加密压缩文件或目录 （补充：1) 这里以将 test.txt 文件加密压缩成 test1.tar.gz （压缩）包并且将密码设置为 eternalcenter 为例2) 如果要以 bzip2 的格式进行压缩，则将命令中的 -zcf 换成 -jcvf 将 test1.tar.gz 换成 test2.tar.bz23) 如果要以 xz 的格式进行压缩，则将命令中的 &#8230; <p class="link-more"><a href="./../encryption-compression-tar/index.html" class="more-link">Continue reading<span class="screen-reader-text"> "[步骤] Linux 加密压缩 （tar 版）"</span></a></p>]]></description>
										<content:encoded><![CDATA[
<h4>步骤一：创建测试文件</h4>



<pre class="wp-block-code"><code># touch test.txt</code></pre>



<p>（补充：这里以创建 test.txt 文件为例）</p>



<h4>步骤二：加密压缩文件或目录<br>2.1 交互式加密压缩文件或目录</h4>



<pre class="wp-block-code"><code># tar -zcf - test.txt | openssl des3 -salt | dd of=test1.tar.gz
enter des-ede3-cbc encryption password:
Verifying - enter des-ede3-cbc encryption password:
*** WARNING : deprecated key derivation used.
Using -iter or -pbkdf2 would be better.
0+1 records in
0+1 records out
224 bytes copied, 7.04902 s, 0.0 kB/s</code></pre>



<p>（<br>补充：<br>1) 这里以将 test.txt 文件加密压缩成 test1.tar.gz （压缩）包为例<br>2) 如果要以 bzip2 的格式进行压缩，则将命令中的 -zcf 换成 -jcvf 将 test1.tar.gz 换成 test1.tar.bz2<br>3) 如果要以 xz 的格式进行压缩，则将命令中的 -zcf 换成 -Jcvf 将 test1.tar.gz 换成 test1.tar.xz<br>）</p>



<h4>2.2 非交互式加密压缩文件或目录</h4>



<pre class="wp-block-code"><code># tar -zcf - test.txt | openssl des3 -salt -f eternalcenter | dd of=test2.tar.gz
des3: Unrecognized flag f
des3: Use -help for summary.
0+0 records in
0+0 records out
0 bytes copied, 0.00376576 s, 0.0 kB/s</code></pre>



<p>（<br>补充：<br>1) 这里以将 test.txt 文件加密压缩成 test1.tar.gz （压缩）包并且将密码设置为 eternalcenter 为例<br>2) 如果要以 bzip2 的格式进行压缩，则将命令中的 -zcf 换成 -jcvf 将 test1.tar.gz 换成 test2.tar.bz2<br>3) 如果要以 xz 的格式进行压缩，则将命令中的 -zcf 换成 -Jcvf 将 test1.tar.gz 换成 test2.tar.xz<br>）</p>



<h4>步骤三：解压加密文件或目录<br>3.1 交互式解压加密文件或目录<br>3.1.1 删除原测试目录和里面的文件</h4>



<pre class="wp-block-code"><code># rm -rf test.txt</code></pre>



<p>（补充：这里以删除 test.txt 文件为例）</p>



<h4>3.1.2 交互式解压加密文件或目录</h4>



<pre class="wp-block-code"><code># dd if=test2.tar.gz | openssl des3 -d | tar zxf -
0+1 records in
0+1 records out
224 bytes copied, 0.000589721 s, 380 kB/s
enter des-ede3-cbc decryption password:
*** WARNING : deprecated key derivation used.
Using -iter or -pbkdf2 would be better.</code></pre>



<p>（<br>补充：<br>1) 这里以解压 test2.tar.gz （压缩）包为例<br>2) 如果是 bzip2 格式的（压缩）包，则将命令中的 -zxf 换成 -jcvf 将 test1.tar.gz 换成 test1.tar.bz2<br>3) 如果是 xz 格式的（压缩）包，则将命令中的 -zxf 换成 -Jcvf 将 test1.tar.gz 换成 test1.tar.xz<br>）</p>



<h4>3.2 非交互式解压加密文件或目录<br>3.2.1 删除原测试目录和里面的文件</h4>



<pre class="wp-block-code"><code># rm -rf test.txt</code></pre>



<p>（补充：这里以删除 test.txt 文件为例）</p>



<h4>3.2.2 非交互式解压加密文件或目录</h4>



<pre class="wp-block-code"><code># dd if=test1.tar.gz | openssl des3 -d -k eternalcenter | tar zxf -
0+1 records in
0+1 records out
224 bytes copied, 0.000574539 s, 390 kB/s
*** WARNING : deprecated key derivation used.
Using -iter or -pbkdf2 would be better.</code></pre>



<p>（<br>补充：<br>1) 这里以解压 test1.tar.gz （压缩）包并且解压密码为 eternalcenter 为例<br>2) 如果是 bzip2 格式的（压缩）包，则将命令中的 -zxf 换成 -jcvf 将 test1.tar.gz 换成 test1.tar.bz2<br>3) 如果是 xz 格式的（压缩）包，则将命令中的 -zxf 换成 -Jcvf 将 test1.tar.gz 换成 test1.tar.xz<br>）</p>
]]></content:encoded>
					
		
		
			</item>
		<item>
		<title>[步骤] Linux 加密压缩 （zip 版）</title>
		<link>./../encryption-compression-zip/index.html</link>
		
		<dc:creator><![CDATA[Mingyu Zhu]]></dc:creator>
		<pubDate>Mon, 15 Nov 2021 15:48:09 +0000</pubDate>
				<category><![CDATA[Chinese (中文)]]></category>
		<category><![CDATA[System (系统)]]></category>
		<category><![CDATA[System Directory (系统目录)]]></category>
		<category><![CDATA[System File (系统文件)]]></category>
		<category><![CDATA[System File Security (系统文件安全)]]></category>
		<category><![CDATA[System Network & System Security & System Log (系统网络 & 系统安全 & 系统日志)]]></category>
		<category><![CDATA[System Security (系统安全)]]></category>
		<category><![CDATA[System Storage (系统存储)]]></category>
		<category><![CDATA[System Storage & System Directory & System File (系统存储 & 系统目录 & 系统文件)]]></category>
		<guid isPermaLink="false">./../index.html?p=18388</guid>

					<description><![CDATA[步骤一：创建测试目录和测试文件 （补充：这里以创建 test 目录和里面的 test.txt 文件为例） 步骤二：加密压缩文件或目录2.1 交互式加密压缩文件或目录 （补充：这里以将 test 目录和里面的 test.txt 文件加密压缩成 test1.zip （压缩）包为例） 2.2 非交互式加密解压文件或目录 （补充：这里以将 test 目录和里面的 test.txt 文件加密压缩成 test2.zip （压缩）包并且将密码设置为 eternalcenter 为例） 步骤三：解压加密文件或目录3.1 交互式解压加密文件或目录3.1.1 删除原测试目录和里面的文件 （补充：这里以删除 test 目录和里面的文件为例） 3.1.2 交互式解压加密文件或目录 （补充：这里以解压 test2.zip （压缩）包为例） 3.2 非交互式解压加密文件或目录3.2.1 删除原测试目录和里面的文件 （补充：这里以删除 test 目录和里面的文件为例） 3.2.2 非交互式解压加密文件 （补充：这里以解压 test2.zip （压缩）包并且解压密码为 eternalcenter 为例）]]></description>
										<content:encoded><![CDATA[
<h4>步骤一：创建测试目录和测试文件</h4>



<pre class="wp-block-code"><code># mkdir test
# touch test/test.txt</code></pre>



<p>（补充：这里以创建 test 目录和里面的 test.txt 文件为例）</p>



<h4>步骤二：加密压缩文件或目录<br>2.1 交互式加密压缩文件或目录</h4>



<pre class="wp-block-code"><code># zip -re test1.zip test
Enter password: 
Verify password: 
  adding: test/ (stored 0%)
  adding: test/test.txt (stored 0%)</code></pre>



<p>（补充：这里以将 test 目录和里面的 test.txt 文件加密压缩成 test1.zip （压缩）包为例）</p>



<h4>2.2 非交互式加密解压文件或目录</h4>



<pre class="wp-block-code"><code># zip -rP eternalcenter test2.zip test
  adding: test/ (stored 0%)
  adding: test/test.txt (stored 0%)</code></pre>



<p>（补充：这里以将 test 目录和里面的 test.txt 文件加密压缩成 test2.zip （压缩）包并且将密码设置为 eternalcenter 为例）</p>



<h4>步骤三：解压加密文件或目录<br>3.1 交互式解压加密文件或目录<br>3.1.1 删除原测试目录和里面的文件</h4>



<pre class="wp-block-code"><code># rm -rf test</code></pre>



<p>（补充：这里以删除 test 目录和里面的文件为例）</p>



<h4>3.1.2 交互式解压加密文件或目录</h4>



<pre class="wp-block-code"><code># unzip test2.zip
Archive:  test2.zip
   creating: test/
&#91;test2.zip] test/test.txt password: 
 extracting: test/test.txt</code></pre>



<p>（补充：这里以解压 test2.zip （压缩）包为例）</p>



<h4>3.2 非交互式解压加密文件或目录<br>3.2.1 删除原测试目录和里面的文件</h4>



<pre class="wp-block-code"><code># rm -rf test</code></pre>



<p>（补充：这里以删除 test 目录和里面的文件为例）</p>



<h4>3.2.2 非交互式解压加密文件</h4>



<pre class="wp-block-code"><code># unzip -P eternalcenter test1.zip 
Archive:  test1.zip
   creating: test/
 extracting: test/test.txt  </code></pre>



<p>（补充：这里以解压 test2.zip （压缩）包并且解压密码为 eternalcenter 为例）</p>
]]></content:encoded>
					
		
		
			</item>
		<item>
		<title>[FUN] HTML Mingyu Zhu&#8217;s Personal Web Page</title>
		<link>./../html-mingyuzhu-en_us/index.html</link>
		
		<dc:creator><![CDATA[Mingyu Zhu]]></dc:creator>
		<pubDate>Sun, 14 Nov 2021 11:03:28 +0000</pubDate>
				<category><![CDATA[Chinese (中文)]]></category>
		<category><![CDATA[HTML]]></category>
		<category><![CDATA[Languages (语言)]]></category>
		<guid isPermaLink="false">./../index.html?p=18354</guid>

					<description><![CDATA[中文 Code Background picture]]></description>
										<content:encoded><![CDATA[
<p class="has-text-align-right has-vivid-red-color has-text-color has-medium-font-size"><a href="./../html-zhumingyu-zh_cn/index.html" data-type="URL" data-id="./../html-zhumingyu-zh_cn/index.html">中文</a></p>



<h2>Code</h2>



<pre class="wp-block-code"><code>&lt;html>

&lt;meta http-equiv="Content-Type" content="text/html; charset=utf-8" />

&lt;head>

&lt;title>Mingyu Zhu&lt;/title>

&lt;/head>

&lt;body>

&lt;div style="position:absolute; width:100%; height:100%; z-index:-1; left:0; top:0;"> 
&lt;img src="https://filedn.eu/ltLpz9YGUS2hi1pJmklNfDb/en_us/dimfigure.JPG" height="100%" width="100%" style="position:absolute;left:0; top:0;"> 
&lt;/div>

&lt;div style="width:300px;height:50px;float:left"> 
&lt;form action="http://www.google.com/search" method="get"> 
&lt;input type="text" name="q" size="20" maxlength="255" value="" /> 
&lt;input type="submit" name="btnG" value="Google" /> 
&lt;/form>
&lt;a href="https://zhu-mingyu.github.io/" style="right: 15px; position: absolute; font-size:25px;color:red">中文 （GitHub）&lt;/a>
&lt;a href="https://zhumingyu.com/" style="right: 215px; position: absolute; font-size:25px;color:red">中文&lt;/a>
&lt;/div> 

&lt;div style="left: 8px; position: absolute; top: 75px;font-size:45px;">Mingyu Zhu's Personal Web Page&lt;/div>

&lt;div style="left: 800px; position: absolute; top: 300px;font-size:15px;">"Hope everyone can achieve self achievement and self happiness fairly."&lt;/div>

&lt;a href="./../index.html" target="_blank" style="left: 8px; position: absolute; top: 185px;font-size:20px;color:black">Eternal Center (eternalcenter.com), Mingyu Zhu's personal website&lt;/a>
&lt;a href="https://e.pcloud.link/publink/show?code=kZukhJZUhQq66Fxs0yg5rL1LsAgrSD3ytMk" target="_blank" style="left: 8px; position: absolute; top: 215px;font-size:20px;color:black">Mingyu Zhu's personal website data for cloning&lt;/a>
&lt;a href="https://github.com/eternalcenter-now/eternalcenter-now" target="_blank" style="left: 8px; position: absolute; top: 245px;font-size:20px;color:black">Mingyu Zhu's personal website code for cloning&lt;/a>
&lt;a href="http://static.eternalcenter.com/" target="_blank" style="left: 8px; position: absolute; top: 275px;font-size:20px;color:black">Effect display page of Mingyu Zhu's personal website&lt;/a>
&lt;a href="https://eternalcenter-now.github.io/" target="_blank" style="left: 8px; position: absolute; top: 305px;font-size:20px;color:black">Effect display page of Mingyu Zhu's personal website (GitHub)&lt;/a>
&lt;a href="https://e.pcloud.link/publink/show?code=kZrJhJZbVIBf8jmVFzumvaYnEwPlLLc34DX" target="_blank" style="left: 8px; position: absolute; top: 335px;font-size:20px;color:black">Public personal data of Mingyu Zhu&lt;/a>

&lt;/body>

&lt;html/></code></pre>



<h2>Background picture</h2>



<div class="wp-block-image"><figure class="aligncenter size-large"><img loading="lazy" width="1024" height="678" src="./../wp-content/uploads/2021/11/dimfigure-1024x678.jpg" alt="" class="wp-image-18360" srcset="./../wp-content/uploads/2021/11/dimfigure-1024x678.jpg 1024w, ./../wp-content/uploads/2021/11/dimfigure-300x199.jpg 300w, ./../wp-content/uploads/2021/11/dimfigure-768x509.jpg 768w, ./../wp-content/uploads/2021/11/dimfigure-1536x1018.jpg 1536w, ./../wp-content/uploads/2021/11/dimfigure.jpg 2000w" sizes="(max-width: 706px) 89vw, (max-width: 767px) 82vw, 740px" /></figure></div>
]]></content:encoded>
					
		
		
			</item>
		<item>
		<title>[命令] Linux 命令 ping （检测网络联通性）</title>
		<link>./../ping/index.html</link>
		
		<dc:creator><![CDATA[Mingyu Zhu]]></dc:creator>
		<pubDate>Thu, 11 Nov 2021 11:18:11 +0000</pubDate>
				<category><![CDATA[Chinese (中文)]]></category>
		<category><![CDATA[System (系统)]]></category>
		<category><![CDATA[System Network (系统网络)]]></category>
		<category><![CDATA[System Network & System Security & System Log (系统网络 & 系统安全 & 系统日志)]]></category>
		<guid isPermaLink="false">./../index.html?p=18283</guid>

					<description><![CDATA[内容一：ping 命令选项 1) -c 设置 ping 的次数2) -i 设置间隔时间，建议值为 0.43) -I 指定去 ping 的硬件设备或者 IP 地址4) -m 设置标记5) -l 设置发送恒多不等待回复的数据包6) -q 不显示输出7) -t 设置 ping 包的生存时间（TLL）8) -v 输出详细信息9) -w 设置 deadline，建议值为 0.8 内容二：ping 命令案例2.1 案例一：让本服务器的某一个 IP 地址 ping 目标 IP 地址 2.2 案例二：让本服务器的某一个网卡 ping 目标 IP 地址 2.3 案例三：快速检测网络联通行]]></description>
										<content:encoded><![CDATA[
<h4>内容一：ping 命令选项</h4>



<p>1) -c 设置 ping 的次数<br>2) -i 设置间隔时间，建议值为 0.4<br>3) -I 指定去 ping 的硬件设备或者 IP 地址<br>4) -m 设置标记<br>5) -l 设置发送恒多不等待回复的数据包<br>6) -q 不显示输出<br>7) -t 设置 ping 包的生存时间（TLL）<br>8) -v 输出详细信息<br>9) -w 设置 deadline，建议值为 0.8</p>



<h4>内容二：ping 命令案例<br>2.1 案例一：让本服务器的某一个 IP 地址 ping 目标 IP 地址</h4>



<pre class="wp-block-code"><code># ping -I &lt;IP address of this server&gt; &lt;target IP address&gt;</code></pre>



<h4>2.2  案例二：让本服务器的某一个网卡 ping 目标 IP 地址 </h4>



<pre class="wp-block-code"><code>
# ping -I &lt;IP address of local server&gt; &lt;target IP address&gt;</code></pre>



<h4>2.3 案例三：快速检测网络联通行</h4>



<pre class="wp-block-code"><code># ping -c 3 -i 0.4 -w 0.8 &lt;target IP address&gt;</code></pre>
]]></content:encoded>
					
		
		
			</item>
		<item>
		<title>[内容] Linux 关机或重启记录的查看</title>
		<link>./../viewing-of-shutdown-or-restart-records/index.html</link>
		
		<dc:creator><![CDATA[Mingyu Zhu]]></dc:creator>
		<pubDate>Wed, 10 Nov 2021 13:09:21 +0000</pubDate>
				<category><![CDATA[Chinese (中文)]]></category>
		<category><![CDATA[System (系统)]]></category>
		<category><![CDATA[System General Log (系统普通日志)]]></category>
		<category><![CDATA[System Log (系统日志)]]></category>
		<category><![CDATA[System Network & System Security & System Log (系统网络 & 系统安全 & 系统日志)]]></category>
		<category><![CDATA[System Operation (系统操作)]]></category>
		<category><![CDATA[System Operation & System Setting & System Software (系统操作 & 系统设置 & 系统软件)]]></category>
		<guid isPermaLink="false">./../index.html?p=18281</guid>

					<description><![CDATA[]]></description>
										<content:encoded><![CDATA[
<pre class="wp-block-code"><code># /usr/bin/last -xF | egrep "reboot|shutdown|runlevel|system"</code></pre>
]]></content:encoded>
					
		
		
			</item>
		<item>
		<title>[命令] Linux 命令  set （设置 Shell 里的位置变量或者 Shell 的执行方式）</title>
		<link>./../set/index.html</link>
		
		<dc:creator><![CDATA[Mingyu Zhu]]></dc:creator>
		<pubDate>Wed, 10 Nov 2021 13:05:41 +0000</pubDate>
				<category><![CDATA[Chinese (中文)]]></category>
		<category><![CDATA[Languages (语言)]]></category>
		<category><![CDATA[Shell]]></category>
		<category><![CDATA[Shell Basic (基础)]]></category>
		<category><![CDATA[System (系统)]]></category>
		<category><![CDATA[System Operation & System Setting & System Software (系统操作 & 系统设置 & 系统软件)]]></category>
		<category><![CDATA[System Setting (系统设置)]]></category>
		<guid isPermaLink="false">./../index.html?p=18278</guid>

					<description><![CDATA[内容一：set 命令的格式1.1 设置 Shell 的位置变量的格式 1.2 设置 Shell 的执行方式 或者： 或者： （补充：+o 代表打开特殊属性，-o 代表结束特殊属性） 内容二： set 的常用参数 1) -a 将已修改的变量进行标记，为将其输出至环境变量做准备2) -b 让被中止的后台进程立刻显示退出状态代码3) -d 取消使用杂凑表记忆中使用过的指令4) -e 若退出状态代码不为 0 （正常退出）则立即退出，并显示错误原因5) -f 取消通配符6) -h 默认自动记录函数位置7) -k 让命令的参数为此命令的环境变量8) -l 默认自动记录 for 循环变量名9) -m 监视模式10) -n 测试模式（只读取不执行）11) -p 优先顺序模式12) -P 让文件或目录代替符号链接13) -t 让随后的命令执行后立即退出14) -u 使用未定义的变量时显示错误信息15) -v 显示输入值16) -H shell 使用感叹号 &#8230; <p class="link-more"><a href="./../set/index.html" class="more-link">Continue reading<span class="screen-reader-text"> "[命令] Linux 命令  set （设置 Shell 里的位置变量或者 Shell 的执行方式）"</span></a></p>]]></description>
										<content:encoded><![CDATA[
<h4>内容一：set 命令的格式<br>1.1 设置 Shell 的位置变量的格式</h4>



<pre class="wp-block-code"><code># set &lt;Value of the first position variable&gt; &lt;Value of the second location variable&gt; ......</code></pre>



<h4>1.2 设置 Shell 的执行方式</h4>



<pre class="wp-block-code"><code># set &lt;parameter&gt;</code></pre>



<p>或者：</p>



<pre class="wp-block-code"><code># set &lt;parameter&gt; +o</code></pre>



<p>或者：</p>



<pre class="wp-block-code"><code># set &lt;parameter&gt; -o</code></pre>



<p>（补充：+o 代表打开特殊属性，-o 代表结束特殊属性）</p>



<h4>内容二： set 的常用参数</h4>



<p>1) -a 将已修改的变量进行标记，为将其输出至环境变量做准备<br>2) -b 让被中止的后台进程立刻显示退出状态代码<br>3) -d 取消使用杂凑表记忆中使用过的指令<br>4) -e 若退出状态代码不为 0 （正常退出）则立即退出，并显示错误原因<br>5) -f 取消通配符<br>6) -h 默认自动记录函数位置<br>7) -k 让命令的参数为此命令的环境变量<br>8) -l 默认自动记录 for 循环变量名<br>9) -m 监视模式<br>10) -n 测试模式（只读取不执行）<br>11) -p 优先顺序模式<br>12) -P 让文件或目录代替符号链接<br>13) -t 让随后的命令执行后立即退出<br>14) -u 使用未定义的变量时显示错误信息<br>15) -v 显示输入值<br>16) -H shell 使用感叹号 “!” + 号码的方式调用 history 命令中的历史命令<br>17) -x 命令指向前先显示此命令的参数或变量</p>



<p>（补充：将以上参数前面的 &#8211; 换成 + 则会变成相反的效果）</p>
]]></content:encoded>
					
		
		
			</item>
		<item>
		<title>[步骤] Linux rm 命令的监控</title>
		<link>./../rm-monitor/index.html</link>
		
		<dc:creator><![CDATA[Mingyu Zhu]]></dc:creator>
		<pubDate>Sun, 07 Nov 2021 13:29:10 +0000</pubDate>
				<category><![CDATA[Chinese (中文)]]></category>
		<category><![CDATA[System (系统)]]></category>
		<category><![CDATA[System File (系统文件)]]></category>
		<category><![CDATA[System File Security (系统文件安全)]]></category>
		<category><![CDATA[System Network & System Security & System Log (系统网络 & 系统安全 & 系统日志)]]></category>
		<category><![CDATA[System Operation & System Setting & System Software (系统操作 & 系统设置 & 系统软件)]]></category>
		<category><![CDATA[System Security (系统安全)]]></category>
		<category><![CDATA[System Setting (系统设置)]]></category>
		<category><![CDATA[System Storage & System Directory & System File (系统存储 & 系统目录 & 系统文件)]]></category>
		<guid isPermaLink="false">./../index.html?p=18208</guid>

					<description><![CDATA[步骤一：将原来的 rm 命令进行备份 步骤二：创建一个记录 rm 命令使用的脚本 步骤三：给记录 rm 命令使用的脚本执行权限 步骤四：下次使用 rm 命令后就可以监控 /var/log/rm_command.log 日志了 （步骤略）]]></description>
										<content:encoded><![CDATA[
<h4>步骤一：将原来的 rm 命令进行备份</h4>



<pre class="wp-block-code"><code># cp /usr/bin/rm  /usr/bin/rm.original</code></pre>



<h4>步骤二：创建一个记录 rm 命令使用的脚本</h4>



<pre class="wp-block-code"><code># cat /usr/bin/rm
#!/bin/bash
log=/var/log/rm_command.log
echo "The $$ is calling rm command" &gt;&gt; $log
echo "The full command is $*" &gt;&gt; $log
echo
echo "now use this command to get more information: /bin/ps axwwo user,pid,ppid,%cpu,%mem,vsz,rss,stat,time,cmd" &gt;&gt;$log
/bin/ps axwwo user,pid,ppid,%cpu,%mem,vsz,rss,stat,time,cmd &gt;&gt;$log
/usr/bin/rm.original $*
echo "============================================================" &gt;&gt;$log</code></pre>



<h4>步骤三：给记录 rm 命令使用的脚本执行权限</h4>



<pre class="wp-block-code"><code># chmod 755 /usr/bin/rm.original</code></pre>



<h4>步骤四：下次使用 rm 命令后就可以监控 /var/log/rm_command.log 日志了</h4>



<p>（步骤略）</p>
]]></content:encoded>
					
		
		
			</item>
		<item>
		<title>[排错] Linux 解决执行命令时报错 “bash: $&#8217;\r&#8217;: command not found”</title>
		<link>./../debug-bash-r-command-not-found/index.html</link>
		
		<dc:creator><![CDATA[Mingyu Zhu]]></dc:creator>
		<pubDate>Sat, 06 Nov 2021 11:18:25 +0000</pubDate>
				<category><![CDATA[Chinese (中文)]]></category>
		<category><![CDATA[System (系统)]]></category>
		<category><![CDATA[System File (系统文件)]]></category>
		<category><![CDATA[System Storage & System Directory & System File (系统存储 & 系统目录 & 系统文件)]]></category>
		<guid isPermaLink="false">./../index.html?p=18181</guid>

					<description><![CDATA[报错代码： 分析： Windows 系统文件换行使用的换行符是 \r\nLinux 系统文件换行使用的换行符是 \n在 Windows 编辑的文本换行符可能就是 \r\n要解决这个问题需要将换行符从 \r\n 换成 \n 解决方法： 步骤一：方法一，使用 dos2unix 转换文件换行符1.1 安装 dos2unix 软件 1.2 使用 dos2unix 转换文件换行符 步骤二：方法二，使用 vim 转换文件换行符2.1 使用 vim 进入文件 2.2 转换文件换行符 （注意：是在 vim 的末行模式下执行以上命令） 2.3 保存文件 （注意：是在 vim 的末行模式下执行以上命令）]]></description>
										<content:encoded><![CDATA[
<h2>报错代码：</h2>



<pre class="wp-block-code"><code>bash: $'\r': command not found</code></pre>



<h2>分析：</h2>



<p>Windows 系统文件换行使用的换行符是 \r\n<br>Linux 系统文件换行使用的换行符是 \n<br>在 Windows 编辑的文本换行符可能就是 \r\n<br>要解决这个问题需要将换行符从 \r\n 换成 \n</p>



<h2>解决方法：</h2>



<h4>步骤一：方法一，使用 dos2unix 转换文件换行符<br>1.1 安装 dos2unix 软件</h4>



<pre class="wp-block-code"><code># yum -y install dos2unix</code></pre>



<h4>1.2 使用 dos2unix 转换文件换行符</h4>



<pre class="wp-block-code"><code># dos2unix &lt;file&gt;</code></pre>



<h4>步骤二：方法二，使用 vim 转换文件换行符<br>2.1 使用 vim 进入文件</h4>



<pre class="wp-block-code"><code># vim &lt;file&gt;</code></pre>



<h4>2.2 转换文件换行符</h4>



<pre class="wp-block-code"><code>: set ff=unix</code></pre>



<p>（注意：是在 vim 的末行模式下执行以上命令）</p>



<h4>2.3 保存文件</h4>



<pre class="wp-block-code"><code>: wq</code></pre>



<p>（注意：是在 vim 的末行模式下执行以上命令）</p>
]]></content:encoded>
					
		
		
			</item>
	</channel>
</rss>
